movie name,year,movie link,movie_rating,metascore,votes
Zack Snyder's Justice League,(2021),https://www.imdb.com/title/tt12361974/,8.2,,"246,553"
Avengers: Endgame,(2019),https://www.imdb.com/title/tt4154796/,8.4,78        ,"850,395"
Sound of Metal,(2019),https://www.imdb.com/title/tt5363618/,7.8,82        ,"54,545"
The Trial of the Chicago 7,(2020),https://www.imdb.com/title/tt1070874/,7.8,76        ,"124,271"
Minari,(2020),https://www.imdb.com/title/tt10633456/,7.6,89        ,"26,169"
Soul,(2020),https://www.imdb.com/title/tt2948372/,8.1,83        ,"216,520"
Sleepers,(1996),https://www.imdb.com/title/tt0117665/,7.6,,"191,112"
Another Round,(2020),https://www.imdb.com/title/tt10288566/,7.8,80        ,"55,773"
Knives Out,(2019),https://www.imdb.com/title/tt8946378/,7.9,82        ,"477,293"
The Shawshank Redemption,(1994),https://www.imdb.com/title/tt0111161/,9.3,80        ,"2,372,545"
The Dark Knight,(2008),https://www.imdb.com/title/tt0468569/,9.0,84        ,"2,336,172"
Avengers: Infinity War,(2018),https://www.imdb.com/title/tt4154756/,8.4,68        ,"861,197"
The Godfather,(1972),https://www.imdb.com/title/tt0068646/,9.2,100        ,"1,643,005"
Once Upon a Time... In Hollywood,(2019),https://www.imdb.com/title/tt7131622/,7.6,83        ,"569,870"
The Gentlemen,(2019),https://www.imdb.com/title/tt8367814/,7.8,,"254,832"
Parasite,(2019),https://www.imdb.com/title/tt6751668/,8.6,96        ,"586,077"
Harry Potter and the Sorcerer's Stone,(2001),https://www.imdb.com/title/tt0241527/,7.6,64        ,"668,176"
Joker,(2019),https://www.imdb.com/title/tt7286456/,8.4,,"975,729"
The Sound of Music,(1965),https://www.imdb.com/title/tt0059742/,8.0,63        ,"209,246"
Guardians of the Galaxy,(2014),https://www.imdb.com/title/tt2015381/,8.0,76        ,"1,055,966"
Blade Runner 2049,(2017),https://www.imdb.com/title/tt1856101/,8.0,81        ,"472,108"
Watchmen,(2009),https://www.imdb.com/title/tt0409459/,7.6,,"509,704"
Pulp Fiction,(1994),https://www.imdb.com/title/tt0110912/,8.9,94        ,"1,848,559"
The Lord of the Rings: The Fellowship of the Ring,(2001),https://www.imdb.com/title/tt0120737/,8.8,92        ,"1,680,823"
Captain America: Civil War,(2016),https://www.imdb.com/title/tt3498820/,7.8,75        ,"676,481"
The Wolf of Wall Street,(2013),https://www.imdb.com/title/tt0993846/,8.2,75        ,"1,210,181"
Thor: Ragnarok,(2017),https://www.imdb.com/title/tt3501632/,7.9,74        ,"603,513"
Deadpool 2,(2018),https://www.imdb.com/title/tt5463162/,7.7,66        ,"490,055"
Interstellar,(2014),https://www.imdb.com/title/tt0816692/,8.6,74        ,"1,539,796"
Almost Famous,(2000),https://www.imdb.com/title/tt0181875/,7.9,90        ,"255,216"
Inception,(2010),https://www.imdb.com/title/tt1375666/,8.8,74        ,"2,095,418"
The Ten Commandments,(1956),https://www.imdb.com/title/tt0049833/,7.9,,"64,701"
Captain America: The Winter Soldier,(2014),https://www.imdb.com/title/tt1843866/,7.7,70        ,"747,574"
Ben-Hur,(1959),https://www.imdb.com/title/tt0052618/,8.1,90        ,"221,635"
Titanic,(1997),https://www.imdb.com/title/tt0120338/,7.8,75        ,"1,057,973"
Inglourious Basterds,(2009),https://www.imdb.com/title/tt0361748/,8.3,69        ,"1,285,988"
Gone Girl,(2014),https://www.imdb.com/title/tt2267998/,8.1,79        ,"874,048"
Jojo Rabbit,(2019),https://www.imdb.com/title/tt2584384/,7.9,,"311,270"
Back to the Future,(1985),https://www.imdb.com/title/tt0088763/,8.5,87        ,"1,072,239"
The Silence of the Lambs,(1991),https://www.imdb.com/title/tt0102926/,8.6,85        ,"1,287,928"
Captain Fantastic,(2016),https://www.imdb.com/title/tt3553976/,7.9,72        ,"194,684"
Jurassic Park,(1993),https://www.imdb.com/title/tt0107290/,8.1,68        ,"877,726"
The Avengers,(2012),https://www.imdb.com/title/tt0848228/,8.0,69        ,"1,273,733"
Mad Max: Fury Road,(2015),https://www.imdb.com/title/tt1392190/,8.1,90        ,"893,850"
Moonrise Kingdom,(2012),https://www.imdb.com/title/tt1748122/,7.8,84        ,"322,387"
The Matrix,(1999),https://www.imdb.com/title/tt0133093/,8.7,73        ,"1,697,124"
1917,(2019),https://www.imdb.com/title/tt8579674/,8.3,78        ,"448,505"
Heat,(1995),https://www.imdb.com/title/tt0113277/,8.2,76        ,"585,123"
The Departed,(2006),https://www.imdb.com/title/tt0407887/,8.5,85        ,"1,204,160"
The Dark Knight Rises,(2012),https://www.imdb.com/title/tt1345836/,8.4,78        ,"1,533,701"
Schindler's List,(1993),https://www.imdb.com/title/tt0108052/,8.9,94        ,"1,226,962"
First Blood,(1982),https://www.imdb.com/title/tt0083944/,7.7,61        ,"229,111"
Kill Bill: Vol. 2,(2004),https://www.imdb.com/title/tt0378194/,8.0,83        ,"690,685"
What We Do in the Shadows,(2014),https://www.imdb.com/title/tt3416742/,7.7,76        ,"159,948"
Taken,(I) (2008),https://www.imdb.com/title/tt0936501/,7.8,,"568,038"
Birdman or (The Unexpected Virtue of Ignorance),(2014),https://www.imdb.com/title/tt2562232/,7.7,87        ,"586,016"
Breakfast at Tiffany's,(1961),https://www.imdb.com/title/tt0054698/,7.6,76        ,"168,359"
Back to the Future Part II,(1989),https://www.imdb.com/title/tt0096874/,7.8,,"486,621"
Children of Men,(2006),https://www.imdb.com/title/tt0206634/,7.9,84        ,"468,454"
The Game,(1997),https://www.imdb.com/title/tt0119174/,7.8,61        ,"349,444"
Blade Runner,(1982),https://www.imdb.com/title/tt0083658/,8.1,84        ,"700,751"
Star Wars: Episode VI - Return of the Jedi,(1983),https://www.imdb.com/title/tt0086190/,8.3,,"959,992"
Come and See,(1985),https://www.imdb.com/title/tt0091251/,8.3,,"61,239"
Crash,(I) (2004),https://www.imdb.com/title/tt0375679/,7.7,66        ,"421,734"
Finding Nemo,(2003),https://www.imdb.com/title/tt0266543/,8.1,90        ,"958,656"
The Lives of Others,(2006),https://www.imdb.com/title/tt0405094/,8.4,89        ,"362,900"
Mystic River,(2003),https://www.imdb.com/title/tt0327056/,7.9,84        ,"422,941"
The Blind Side,(2009),https://www.imdb.com/title/tt0878804/,7.6,,"296,506"
Skyfall,(2012),https://www.imdb.com/title/tt1074638/,7.8,81        ,"634,162"
Up,(2009),https://www.imdb.com/title/tt1049413/,8.2,88        ,"946,438"
Arrival,(II) (2016),https://www.imdb.com/title/tt2543164/,7.9,81        ,"604,185"
Pirates of the Caribbean: The Curse of the Black Pearl,(2003),https://www.imdb.com/title/tt0325980/,8.0,63        ,"1,021,754"
The Irishman,(2019),https://www.imdb.com/title/tt1302006/,7.8,94        ,"333,251"
Snatch,(2000),https://www.imdb.com/title/tt0208092/,8.3,,"789,494"
The Princess Bride,(1987),https://www.imdb.com/title/tt0093779/,8.0,77        ,"396,774"
The Godfather: Part II,(1974),https://www.imdb.com/title/tt0071562/,9.0,90        ,"1,144,324"
About Time,(I) (2013),https://www.imdb.com/title/tt2194499/,7.8,,"309,422"
American Beauty,(1999),https://www.imdb.com/title/tt0169547/,8.3,84        ,"1,079,015"
Mulholland Drive,(2001),https://www.imdb.com/title/tt0166924/,7.9,85        ,"326,059"
Amadeus,(1984),https://www.imdb.com/title/tt0086879/,8.3,88        ,"372,592"
Seven Samurai,(1954),https://www.imdb.com/title/tt0047478/,8.6,98        ,"319,281"
Being There,(1979),https://www.imdb.com/title/tt0078841/,8.0,83        ,"66,345"
Rebel Without a Cause,(1955),https://www.imdb.com/title/tt0048545/,7.7,89        ,"84,320"
Big Fish,(2003),https://www.imdb.com/title/tt0319061/,8.0,,"418,078"
Incendies,(2010),https://www.imdb.com/title/tt1255953/,8.3,80        ,"153,354"
The Machinist,(2004),https://www.imdb.com/title/tt0361862/,7.7,61        ,"361,720"
Gladiator,(2000),https://www.imdb.com/title/tt0172495/,8.5,67        ,"1,356,412"
12 Years a Slave,(2013),https://www.imdb.com/title/tt2024544/,8.1,96        ,"647,965"
A Clockwork Orange,(1971),https://www.imdb.com/title/tt0066921/,8.3,77        ,"765,300"
Star Wars: Episode IV - A New Hope,(1977),https://www.imdb.com/title/tt0076759/,8.6,90        ,"1,243,309"
Dunkirk,(2017),https://www.imdb.com/title/tt5013056/,7.8,94        ,"565,765"
The Perks of Being a Wallflower,(2012),https://www.imdb.com/title/tt1659337/,8.0,67        ,"467,504"
Donnie Darko,(2001),https://www.imdb.com/title/tt0246578/,8.0,88        ,"746,034"
The Breakfast Club,(1985),https://www.imdb.com/title/tt0088847/,7.8,66        ,"360,534"
Good Will Hunting,(1997),https://www.imdb.com/title/tt0119217/,8.3,70        ,"872,537"
Citizen Kane,(1941),https://www.imdb.com/title/tt0033467/,8.3,100        ,"408,873"
The Imitation Game,(2014),https://www.imdb.com/title/tt2084970/,8.0,73        ,"693,745"
Kick-Ass,(2010),https://www.imdb.com/title/tt1250777/,7.6,66        ,"528,182"
Coco,(I) (2017),https://www.imdb.com/title/tt2380307/,8.4,81        ,"397,360"
The Handmaiden,(2016),https://www.imdb.com/title/tt4016934/,8.1,84        ,"117,839"
X-Men: First Class,(2011),https://www.imdb.com/title/tt1270798/,7.7,65        ,"650,321"
Spotlight,(I) (2015),https://www.imdb.com/title/tt1895587/,8.1,93        ,"426,731"
A Man for All Seasons,(1966),https://www.imdb.com/title/tt0060665/,7.7,72        ,"31,763"
American History X,(1998),https://www.imdb.com/title/tt0120586/,8.5,62        ,"1,043,872"
Groundhog Day,(1993),https://www.imdb.com/title/tt0107048/,8.0,72        ,"583,929"
Airplane!,(1980),https://www.imdb.com/title/tt0080339/,7.7,78        ,"217,092"
Amélie,(2001),https://www.imdb.com/title/tt0211915/,8.3,69        ,"709,829"
Just Mercy,(2019),https://www.imdb.com/title/tt4916630/,7.6,68        ,"49,676"
Scent of a Woman,(1992),https://www.imdb.com/title/tt0105323/,8.0,,"267,921"
The Last of the Mohicans,(1992),https://www.imdb.com/title/tt0104691/,7.7,76        ,"152,754"
Princess Mononoke,(1997),https://www.imdb.com/title/tt0119698/,8.4,76        ,"349,025"
Indiana Jones and the Last Crusade,(1989),https://www.imdb.com/title/tt0097576/,8.2,65        ,"698,064"
WALL·E,(2008),https://www.imdb.com/title/tt0910970/,8.4,95        ,"1,011,552"
The Prestige,(2006),https://www.imdb.com/title/tt0482571/,8.5,66        ,"1,205,633"
Forrest Gump,(1994),https://www.imdb.com/title/tt0109830/,8.8,82        ,"1,834,627"
Guardians of the Galaxy Vol. 2,(2017),https://www.imdb.com/title/tt3896198/,7.6,67        ,"580,511"
Iron Man,(2008),https://www.imdb.com/title/tt0371746/,7.9,79        ,"951,511"
Green Book,(2018),https://www.imdb.com/title/tt6966692/,8.2,69        ,"394,376"
The Hobbit: An Unexpected Journey,(2012),https://www.imdb.com/title/tt0903624/,7.8,,"763,485"
No Country for Old Men,(2007),https://www.imdb.com/title/tt0477348/,8.1,91        ,"868,886"
Dazed and Confused,(1993),https://www.imdb.com/title/tt0106677/,7.6,78        ,"168,032"
Edge of Tomorrow,(2014),https://www.imdb.com/title/tt1631867/,7.9,71        ,"606,228"
Unforgiven,(1992),https://www.imdb.com/title/tt0105695/,8.2,85        ,"379,922"
Casablanca,(1942),https://www.imdb.com/title/tt0034583/,8.5,100        ,"527,457"
The Sixth Sense,(1999),https://www.imdb.com/title/tt0167404/,8.1,64        ,"918,847"
Pan's Labyrinth,(2006),https://www.imdb.com/title/tt0457430/,8.2,98        ,"624,118"
Dallas Buyers Club,(2013),https://www.imdb.com/title/tt0790636/,8.0,80        ,"447,440"
Mulan,(1998),https://www.imdb.com/title/tt0120762/,7.6,71        ,"259,977"
Aliens,(1986),https://www.imdb.com/title/tt0090605/,8.3,84        ,"658,791"
The Hobbit: The Desolation of Smaug,(2013),https://www.imdb.com/title/tt1170358/,7.8,66        ,"606,951"
Dances with Wolves,(1990),https://www.imdb.com/title/tt0099348/,8.0,72        ,"243,363"
12 Angry Men,(1957),https://www.imdb.com/title/tt0050083/,9.0,96        ,"700,197"
The Hateful Eight,(2015),https://www.imdb.com/title/tt3460252/,7.8,68        ,"525,682"
Scarface,(1983),https://www.imdb.com/title/tt0086250/,8.3,65        ,"751,381"
The Big Lebowski,(1998),https://www.imdb.com/title/tt0118715/,8.1,71        ,"739,845"
The Lord of the Rings: The Two Towers,(2002),https://www.imdb.com/title/tt0167261/,8.7,87        ,"1,501,957"
Rush,(I) (2013),https://www.imdb.com/title/tt1979320/,8.1,74        ,"437,492"
Indiana Jones and the Raiders of the Lost Ark,(1981),https://www.imdb.com/title/tt0082971/,8.4,85        ,"891,875"
My Cousin Vinny,(1992),https://www.imdb.com/title/tt0104952/,7.6,68        ,"108,761"
Apocalypto,(2006),https://www.imdb.com/title/tt0472043/,7.8,68        ,"293,312"
Full Metal Jacket,(1987),https://www.imdb.com/title/tt0093058/,8.3,76        ,"682,083"
Cast Away,(2000),https://www.imdb.com/title/tt0162222/,7.8,73        ,"531,000"
Your Name.,(2016),https://www.imdb.com/title/tt5311514/,8.4,79        ,"203,178"
The Incredibles,(2004),https://www.imdb.com/title/tt0317705/,8.0,90        ,"662,960"
Hidden Figures,(2016),https://www.imdb.com/title/tt4846340/,7.8,74        ,"204,483"
Psycho,(1960),https://www.imdb.com/title/tt0054215/,8.5,97        ,"611,223"
Fantastic Mr. Fox,(2009),https://www.imdb.com/title/tt0432283/,7.9,83        ,"203,532"
Monty Python and the Holy Grail,(1975),https://www.imdb.com/title/tt0071853/,8.2,91        ,"504,831"
"O Brother, Where Art Thou?",(2000),https://www.imdb.com/title/tt0190590/,7.7,69        ,"290,466"
Midnight in Paris,(2011),https://www.imdb.com/title/tt1605783/,7.7,81        ,"391,841"
The Bourne Supremacy,(2004),https://www.imdb.com/title/tt0372183/,7.7,73        ,"437,779"
The Last Picture Show,(1971),https://www.imdb.com/title/tt0067328/,8.0,93        ,"43,105"
Million Dollar Baby,(2004),https://www.imdb.com/title/tt0405159/,8.1,86        ,"641,999"
Wild Tales,(2014),https://www.imdb.com/title/tt3011894/,8.1,77        ,"180,131"
Mr. Nobody,(2009),https://www.imdb.com/title/tt0485947/,7.8,63        ,"218,554"
Downfall,(2004),https://www.imdb.com/title/tt0363163/,8.2,82        ,"334,313"
Gone Baby Gone,(2007),https://www.imdb.com/title/tt0452623/,7.6,72        ,"252,917"
The Count of Monte Cristo,(2002),https://www.imdb.com/title/tt0245844/,7.8,61        ,"129,992"
Incredibles 2,(2018),https://www.imdb.com/title/tt3606756/,7.6,80        ,"255,018"
Monty Python's Life of Brian,(1979),https://www.imdb.com/title/tt0079470/,8.1,77        ,"370,907"
Dr. Strangelove or: How I Learned to Stop Worrying and Love the Bomb,(1964),https://www.imdb.com/title/tt0057012/,8.4,97        ,"454,868"
In the Mood for Love,(2000),https://www.imdb.com/title/tt0118694/,8.1,85        ,"127,626"
Magnolia,(1999),https://www.imdb.com/title/tt0175880/,8.0,77        ,"291,876"
Fight Club,(1999),https://www.imdb.com/title/tt0137523/,8.8,66        ,"1,877,627"
Alien,(1979),https://www.imdb.com/title/tt0078748/,8.4,89        ,"796,903"
Call Me by Your Name,(2017),https://www.imdb.com/title/tt5726616/,7.9,93        ,"219,343"
Deadpool,(2016),https://www.imdb.com/title/tt1431045/,8.0,65        ,"914,059"
Ford v Ferrari,(2019),https://www.imdb.com/title/tt1950186/,8.1,81        ,"304,921"
Django Unchained,(2012),https://www.imdb.com/title/tt1853728/,8.4,81        ,"1,376,788"
Hamilton,(2020),https://www.imdb.com/title/tt8503618/,8.5,90        ,"61,388"
Star Trek,(2009),https://www.imdb.com/title/tt0796366/,7.9,82        ,"579,655"
E.T. the Extra-Terrestrial,(1982),https://www.imdb.com/title/tt0083866/,7.8,91        ,"375,962"
Star Wars: Episode VII - The Force Awakens,(2015),https://www.imdb.com/title/tt2488496/,7.9,80        ,"867,229"
Rain Man,(1988),https://www.imdb.com/title/tt0095953/,8.0,65        ,"477,440"
Serenity,(2005),https://www.imdb.com/title/tt0379786/,7.8,74        ,"284,702"
Bonnie and Clyde,(1967),https://www.imdb.com/title/tt0061418/,7.8,86        ,"103,470"
Office Space,(1999),https://www.imdb.com/title/tt0151804/,7.7,68        ,"244,203"
Marriage Story,(2019),https://www.imdb.com/title/tt7653254/,7.9,94        ,"254,443"
Little Miss Sunshine,(2006),https://www.imdb.com/title/tt0449059/,7.8,80        ,"443,700"
Harry Potter and the Prisoner of Azkaban,(2004),https://www.imdb.com/title/tt0304141/,7.9,82        ,"559,620"
Spirited Away,(2001),https://www.imdb.com/title/tt0245429/,8.6,96        ,"663,212"
Braveheart,(1995),https://www.imdb.com/title/tt0112573/,8.3,68        ,"967,555"
The Pianist,(2002),https://www.imdb.com/title/tt0253474/,8.5,85        ,"741,180"
There Will Be Blood,(2007),https://www.imdb.com/title/tt0469494/,8.2,93        ,"524,860"
Reservoir Dogs,(1992),https://www.imdb.com/title/tt0105236/,8.3,79        ,"929,088"
"The Good, the Bad and the Ugly",(1966),https://www.imdb.com/title/tt0060196/,8.8,90        ,"695,844"
Terminator 2: Judgment Day,(1991),https://www.imdb.com/title/tt0103064/,8.5,75        ,"1,004,692"
Rogue One: A Star Wars Story,(2016),https://www.imdb.com/title/tt3748528/,7.8,65        ,"563,031"
The Invisible Guest,(2016),https://www.imdb.com/title/tt4857264/,8.1,,"148,841"
Mary Poppins,(1964),https://www.imdb.com/title/tt0058331/,7.8,88        ,"159,364"
Saw,(2004),https://www.imdb.com/title/tt0387564/,7.6,,"382,145"
Black Swan,(2010),https://www.imdb.com/title/tt0947798/,8.0,79        ,"706,076"
Kingsman: The Secret Service,(2014),https://www.imdb.com/title/tt2802144/,7.7,,"596,037"
Logan,(2017),https://www.imdb.com/title/tt3315342/,8.1,77        ,"658,432"
Harry Potter and the Deathly Hallows: Part 1,(2010),https://www.imdb.com/title/tt0926084/,7.7,65        ,"485,531"
Casino Royale,(2006),https://www.imdb.com/title/tt0381061/,8.0,80        ,"586,320"
Sin City,(2005),https://www.imdb.com/title/tt0401792/,8.0,74        ,"740,821"
Hot Fuzz,(2007),https://www.imdb.com/title/tt0425112/,7.8,81        ,"467,553"
Tangled,(2010),https://www.imdb.com/title/tt0398286/,7.7,71        ,"410,125"
Life Is Beautiful,(1997),https://www.imdb.com/title/tt0118799/,8.6,,"631,760"
12 Monkeys,(1995),https://www.imdb.com/title/tt0114746/,8.0,74        ,"583,035"
Brokeback Mountain,(2005),https://www.imdb.com/title/tt0388795/,7.7,87        ,"326,185"
Dark Waters,(2019),https://www.imdb.com/title/tt9071322/,7.6,73        ,"65,414"
The Royal Tenenbaums,(2001),https://www.imdb.com/title/tt0265666/,7.6,76        ,"269,624"
The Others,(2001),https://www.imdb.com/title/tt0230600/,7.6,74        ,"340,682"
The Bourne Ultimatum,(2007),https://www.imdb.com/title/tt0440963/,8.0,85        ,"607,500"
Hell or High Water,(II) (2016),https://www.imdb.com/title/tt2582782/,7.6,88        ,"206,748"
Deliverance,(1972),https://www.imdb.com/title/tt0068473/,7.7,80        ,"99,545"
Young Frankenstein,(1974),https://www.imdb.com/title/tt0072431/,8.0,80        ,"144,597"
Grave of the Fireflies,(1988),https://www.imdb.com/title/tt0095327/,8.5,94        ,"239,831"
Bridge of Spies,(2015),https://www.imdb.com/title/tt3682448/,7.6,81        ,"290,854"
The Boy in the Striped Pajamas,(2008),https://www.imdb.com/title/tt0914798/,7.8,,"192,972"
Straight Outta Compton,(2015),https://www.imdb.com/title/tt1398426/,7.8,72        ,"181,136"
The Thin Red Line,(1998),https://www.imdb.com/title/tt0120863/,7.6,78        ,"174,462"
Chinatown,(1974),https://www.imdb.com/title/tt0071315/,8.1,92        ,"297,942"
Lawrence of Arabia,(1962),https://www.imdb.com/title/tt0056172/,8.3,100        ,"270,919"
Edward Scissorhands,(1990),https://www.imdb.com/title/tt0099487/,7.9,74        ,"450,882"
In the Name of the Father,(1993),https://www.imdb.com/title/tt0107207/,8.1,84        ,"159,170"
Minority Report,(2002),https://www.imdb.com/title/tt0181689/,7.6,80        ,"512,335"
Little Women,(2019),https://www.imdb.com/title/tt3281548/,7.8,91        ,"150,317"
American Psycho,(2000),https://www.imdb.com/title/tt0144084/,7.6,64        ,"500,588"
Tombstone,(1993),https://www.imdb.com/title/tt0108358/,7.8,,"128,790"
The Goonies,(1985),https://www.imdb.com/title/tt0089218/,7.8,62        ,"247,062"
The Green Mile,(1999),https://www.imdb.com/title/tt0120689/,8.6,61        ,"1,163,612"
Goodfellas,(1990),https://www.imdb.com/title/tt0099685/,8.7,90        ,"1,034,465"
Bohemian Rhapsody,(2018),https://www.imdb.com/title/tt1727824/,8.0,,"461,226"
Batman Begins,(2005),https://www.imdb.com/title/tt0372784/,8.2,70        ,"1,323,048"
Saving Private Ryan,(1998),https://www.imdb.com/title/tt0120815/,8.6,91        ,"1,250,570"
American Gangster,(2007),https://www.imdb.com/title/tt0765429/,7.8,76        ,"396,426"
Warrior,(2011),https://www.imdb.com/title/tt1291584/,8.2,71        ,"440,020"
Shaun of the Dead,(2004),https://www.imdb.com/title/tt0365748/,7.9,76        ,"516,370"
Capernaum,(2018),https://www.imdb.com/title/tt8267604/,8.4,75        ,"66,484"
Toy Story 4,(2019),https://www.imdb.com/title/tt1979376/,7.8,84        ,"208,930"
The Thing,(1982),https://www.imdb.com/title/tt0084787/,8.1,,"375,498"
A Few Good Men,(1992),https://www.imdb.com/title/tt0104257/,7.7,62        ,"238,004"
One Flew Over the Cuckoo's Nest,(1975),https://www.imdb.com/title/tt0073486/,8.7,83        ,"927,549"
"Three Billboards Outside Ebbing, Missouri",(2017),https://www.imdb.com/title/tt5027774/,8.1,88        ,"442,959"
Hacksaw Ridge,(2016),https://www.imdb.com/title/tt2119532/,8.1,71        ,"444,424"
The Social Network,(2010),https://www.imdb.com/title/tt1285016/,7.7,95        ,"633,141"
Training Day,(2001),https://www.imdb.com/title/tt0139654/,7.7,69        ,"396,638"
Stardust,(2007),https://www.imdb.com/title/tt0486655/,7.6,66        ,"257,034"
Room,(I) (2015),https://www.imdb.com/title/tt3170832/,8.1,86        ,"377,822"
Moneyball,(2011),https://www.imdb.com/title/tt1210166/,7.6,87        ,"375,299"
Eternal Sunshine of the Spotless Mind,(2004),https://www.imdb.com/title/tt0338013/,8.3,89        ,"921,010"
Fargo,(1996),https://www.imdb.com/title/tt0116282/,8.1,85        ,"624,145"
Boogie Nights,(1997),https://www.imdb.com/title/tt0118749/,7.9,85        ,"242,106"
Zootopia,(2016),https://www.imdb.com/title/tt2948356/,8.0,78        ,"439,973"
A Star Is Born,(2018),https://www.imdb.com/title/tt1517451/,7.6,88        ,"340,926"
The Girl with the Dragon Tattoo,(2011),https://www.imdb.com/title/tt1568346/,7.8,71        ,"428,103"
V for Vendetta,(2005),https://www.imdb.com/title/tt0434409/,8.2,62        ,"1,042,181"
Rocky,(1976),https://www.imdb.com/title/tt0075148/,8.1,70        ,"524,383"
The Wizard of Oz,(1939),https://www.imdb.com/title/tt0032138/,8.0,92        ,"373,064"
Harry Potter and the Half-Blood Prince,(2009),https://www.imdb.com/title/tt0417741/,7.6,78        ,"481,194"
Casino,(1995),https://www.imdb.com/title/tt0112641/,8.2,73        ,"472,414"
Ratatouille,(2007),https://www.imdb.com/title/tt0382932/,8.0,96        ,"649,130"
True Grit,(2010),https://www.imdb.com/title/tt1403865/,7.6,80        ,"315,094"
Toy Story,(1995),https://www.imdb.com/title/tt0114709/,8.3,95        ,"897,861"
The Fugitive,(1993),https://www.imdb.com/title/tt0106977/,7.8,87        ,"269,967"
Remember the Titans,(2000),https://www.imdb.com/title/tt0210945/,7.8,,"199,817"
In Bruges,(2008),https://www.imdb.com/title/tt0780536/,7.9,67        ,"393,371"
Life of Pi,(2012),https://www.imdb.com/title/tt0454876/,7.9,79        ,"585,760"
Boyz n the Hood,(1991),https://www.imdb.com/title/tt0101507/,7.8,76        ,"127,695"
The Graduate,(1967),https://www.imdb.com/title/tt0061722/,8.0,83        ,"255,632"
How to Train Your Dragon,(2010),https://www.imdb.com/title/tt0892769/,8.1,75        ,"673,883"
Avatar,(2009),https://www.imdb.com/title/tt0499549/,7.8,83        ,"1,127,973"
The Lord of the Rings: The Return of the King,(2003),https://www.imdb.com/title/tt0167260/,8.9,94        ,"1,660,949"
Get Out,(I) (2017),https://www.imdb.com/title/tt5052448/,7.7,85        ,"501,758"
Apocalypse Now,(1979),https://www.imdb.com/title/tt0078788/,8.4,94        ,"613,196"
Léon: The Professional,(1994),https://www.imdb.com/title/tt0110413/,8.5,64        ,"1,048,255"
Prisoners,(2013),https://www.imdb.com/title/tt1392214/,8.1,70        ,"611,028"
Lost in Translation,(2003),https://www.imdb.com/title/tt0335266/,7.7,89        ,"419,986"
Big Hero 6,(2014),https://www.imdb.com/title/tt2245084/,7.8,74        ,"415,413"
Ocean's Eleven,(2001),https://www.imdb.com/title/tt0240772/,7.7,74        ,"521,760"
Papillon,(1973),https://www.imdb.com/title/tt0070511/,8.0,,"122,676"
What's Eating Gilbert Grape,(1993),https://www.imdb.com/title/tt0108550/,7.8,73        ,"217,462"
Black Hawk Down,(2001),https://www.imdb.com/title/tt0265086/,7.7,74        ,"367,066"
The Help,(2011),https://www.imdb.com/title/tt1454029/,8.0,62        ,"432,351"
Argo,(2012),https://www.imdb.com/title/tt1024648/,7.7,86        ,"578,120"
King Kong,(1933),https://www.imdb.com/title/tt0024216/,7.9,90        ,"80,003"
Memento,(2000),https://www.imdb.com/title/tt0209144/,8.4,80        ,"1,137,305"
Inside Man,(2006),https://www.imdb.com/title/tt0454848/,7.6,76        ,"344,256"
The Notebook,(2004),https://www.imdb.com/title/tt0332280/,7.8,,"526,184"
Zodiac,(2007),https://www.imdb.com/title/tt0443706/,7.7,78        ,"474,691"
Kill Bill: Vol. 1,(2003),https://www.imdb.com/title/tt0266697/,8.1,69        ,"1,011,550"
The Truman Show,(1998),https://www.imdb.com/title/tt0120382/,8.1,90        ,"953,336"
The Revenant,(2015),https://www.imdb.com/title/tt1663202/,8.0,76        ,"715,425"
Trainspotting,(1996),https://www.imdb.com/title/tt0117951/,8.1,83        ,"640,006"
Oldboy,(2003),https://www.imdb.com/title/tt0364569/,8.4,77        ,"522,375"
Drive,(I) (2011),https://www.imdb.com/title/tt0780504/,7.8,78        ,"577,814"
Atonement,(2007),https://www.imdb.com/title/tt0783233/,7.8,85        ,"254,671"
Sherlock Holmes,(2009),https://www.imdb.com/title/tt0988045/,7.6,,"587,227"
Platoon,(1986),https://www.imdb.com/title/tt0091763/,8.1,92        ,"384,874"
Howl's Moving Castle,(2004),https://www.imdb.com/title/tt0347149/,8.2,80        ,"340,717"
Jaws,(1975),https://www.imdb.com/title/tt0073195/,8.0,87        ,"546,950"
Ferris Bueller's Day Off,(1986),https://www.imdb.com/title/tt0091042/,7.8,61        ,"324,092"
3 Idiots,(2009),https://www.imdb.com/title/tt1187043/,8.4,67        ,"349,541"
Coraline,(2009),https://www.imdb.com/title/tt0327597/,7.7,80        ,"199,921"
Slumdog Millionaire,(2008),https://www.imdb.com/title/tt1010048/,8.0,84        ,"804,303"
Rosemary's Baby,(1968),https://www.imdb.com/title/tt0063522/,8.0,96        ,"196,408"
Gattaca,(1997),https://www.imdb.com/title/tt0119177/,7.8,64        ,"283,179"
500 Days of Summer,(2009),https://www.imdb.com/title/tt1022603/,7.7,76        ,"476,068"
The Grand Budapest Hotel,(2014),https://www.imdb.com/title/tt2278388/,8.1,88        ,"719,481"
The Shining,(1980),https://www.imdb.com/title/tt0081505/,8.4,66        ,"909,858"
Harry Potter and the Goblet of Fire,(2005),https://www.imdb.com/title/tt0330373/,7.7,81        ,"555,521"
300,(2006),https://www.imdb.com/title/tt0416449/,7.6,,"739,014"
Se7en,(1995),https://www.imdb.com/title/tt0114369/,8.6,65        ,"1,464,887"
Requiem for a Dream,(2000),https://www.imdb.com/title/tt0180093/,8.3,68        ,"775,189"
"Monsters, Inc.",(2001),https://www.imdb.com/title/tt0198781/,8.1,79        ,"824,621"
The Deer Hunter,(1978),https://www.imdb.com/title/tt0077416/,8.1,86        ,"314,743"
The Sandlot,(1993),https://www.imdb.com/title/tt0108037/,7.8,,"79,816"
28 Days Later...,(2002),https://www.imdb.com/title/tt0289043/,7.6,73        ,"379,740"
Once Upon a Time in the West,(1968),https://www.imdb.com/title/tt0064116/,8.5,80        ,"305,918"
The Pursuit of Happyness,(2006),https://www.imdb.com/title/tt0454921/,8.0,64        ,"454,619"
The Exorcist,(1973),https://www.imdb.com/title/tt0070047/,8.0,81        ,"364,709"
The Hunt,(2012),https://www.imdb.com/title/tt2106476/,8.3,77        ,"287,920"
La La Land,(2016),https://www.imdb.com/title/tt3783958/,8.0,94        ,"514,439"
Wonder,(I) (2017),https://www.imdb.com/title/tt2543472/,8.0,66        ,"145,402"
The Usual Suspects,(1995),https://www.imdb.com/title/tt0114814/,8.5,77        ,"1,001,230"
2001: A Space Odyssey,(1968),https://www.imdb.com/title/tt0062622/,8.3,84        ,"610,275"
Predator,(1987),https://www.imdb.com/title/tt0093773/,7.8,,"374,865"
Wind River,(2017),https://www.imdb.com/title/tt5362988/,7.7,73        ,"211,146"
Vertigo,(1958),https://www.imdb.com/title/tt0052357/,8.3,100        ,"368,688"
Dead Poets Society,(1989),https://www.imdb.com/title/tt0097165/,8.1,79        ,"432,722"
The Intouchables,(2011),https://www.imdb.com/title/tt1675434/,8.5,,"771,762"
Stand by Me,(1986),https://www.imdb.com/title/tt0092005/,8.1,75        ,"367,012"
Home Alone,(1990),https://www.imdb.com/title/tt0099785/,7.6,63        ,"493,311"
The Bridge on the River Kwai,(1957),https://www.imdb.com/title/tt0050212/,8.1,87        ,"205,466"
The Third Man,(1949),https://www.imdb.com/title/tt0041959/,8.1,97        ,"160,351"
The Peanut Butter Falcon,(2019),https://www.imdb.com/title/tt4364194/,7.6,70        ,"69,385"
Shrek,(2001),https://www.imdb.com/title/tt0126029/,7.8,84        ,"619,318"
L.A. Confidential,(1997),https://www.imdb.com/title/tt0119488/,8.2,90        ,"537,162"
Aladdin,(1992),https://www.imdb.com/title/tt0103639/,8.0,86        ,"377,007"
Chungking Express,(1994),https://www.imdb.com/title/tt0109424/,8.1,77        ,"65,218"
The Untouchables,(1987),https://www.imdb.com/title/tt0094226/,7.9,79        ,"285,224"
Being John Malkovich,(1999),https://www.imdb.com/title/tt0120601/,7.7,90        ,"315,225"
Before Sunrise,(1995),https://www.imdb.com/title/tt0112471/,8.1,77        ,"276,372"
The King's Speech,(2010),https://www.imdb.com/title/tt1504320/,8.0,88        ,"644,789"
Rear Window,(1954),https://www.imdb.com/title/tt0047396/,8.4,100        ,"448,853"
Shutter Island,(2010),https://www.imdb.com/title/tt1130884/,8.2,63        ,"1,148,221"
The Martian,(2015),https://www.imdb.com/title/tt3659388/,8.0,80        ,"769,399"
The Lion King,(1994),https://www.imdb.com/title/tt0110357/,8.5,88        ,"954,141"
Whiplash,(2014),https://www.imdb.com/title/tt2582802/,8.5,88        ,"730,222"
Taxi Driver,(1976),https://www.imdb.com/title/tt0075314/,8.2,94        ,"735,014"
Pride & Prejudice,(2005),https://www.imdb.com/title/tt0414387/,7.8,82        ,"263,111"
The Big Short,(2015),https://www.imdb.com/title/tt1596363/,7.8,81        ,"371,859"
The Curious Case of Benjamin Button,(2008),https://www.imdb.com/title/tt0421715/,7.8,70        ,"595,676"
Memories of Murder,(2003),https://www.imdb.com/title/tt0353969/,8.1,82        ,"144,228"
Lion,(2016),https://www.imdb.com/title/tt3741834/,8.0,69        ,"217,186"
Gone with the Wind,(1939),https://www.imdb.com/title/tt0031381/,8.1,97        ,"292,846"
My Fair Lady,(1964),https://www.imdb.com/title/tt0058385/,7.8,95        ,"87,490"
Blazing Saddles,(1974),https://www.imdb.com/title/tt0071230/,7.7,73        ,"127,185"
The Hangover,(2009),https://www.imdb.com/title/tt1119646/,7.7,73        ,"722,466"
True Romance,(1993),https://www.imdb.com/title/tt0108399/,7.9,,"208,882"
Sicario,(2015),https://www.imdb.com/title/tt3397884/,7.6,82        ,"376,748"
Willy Wonka & the Chocolate Factory,(1971),https://www.imdb.com/title/tt0067992/,7.8,67        ,"180,314"
Silver Linings Playbook,(2012),https://www.imdb.com/title/tt1045658/,7.7,81        ,"667,208"
The Godfather: Part III,(1990),https://www.imdb.com/title/tt0099674/,7.6,,"364,516"
Sense and Sensibility,(1995),https://www.imdb.com/title/tt0114388/,7.6,84        ,"103,936"
The Bourne Identity,(2002),https://www.imdb.com/title/tt0258463/,7.9,68        ,"512,630"
Inside Out,(I) (2015),https://www.imdb.com/title/tt2096673/,8.1,94        ,"626,619"
The Warriors,(1979),https://www.imdb.com/title/tt0080120/,7.6,65        ,"94,842"
Blood Diamond,(2006),https://www.imdb.com/title/tt0450259/,8.0,64        ,"504,013"
The Theory of Everything,(2014),https://www.imdb.com/title/tt2980516/,7.7,72        ,"409,526"
Dangal,(2016),https://www.imdb.com/title/tt5074352/,8.4,,"160,105"
The Last Samurai,(2003),https://www.imdb.com/title/tt0325710/,7.7,,"403,347"
Harry Potter and the Deathly Hallows: Part 2,(2011),https://www.imdb.com/title/tt1201607/,8.1,85        ,"774,469"
Mission: Impossible - Fallout,(2018),https://www.imdb.com/title/tt4912910/,7.7,86        ,"296,048"
Baby Driver,(2017),https://www.imdb.com/title/tt3890160/,7.6,86        ,"447,525"
Moana,(I) (2016),https://www.imdb.com/title/tt3521164/,7.6,81        ,"278,541"
Into the Wild,(2007),https://www.imdb.com/title/tt0758758/,8.1,73        ,"579,638"
Spider-Man: Into the Spider-Verse,(2018),https://www.imdb.com/title/tt4633694/,8.4,87        ,"390,209"
Blue Is the Warmest Colour,(2013),https://www.imdb.com/title/tt2278871/,7.7,89        ,"140,248"
Star Wars: Episode V - The Empire Strikes Back,(1980),https://www.imdb.com/title/tt0080684/,8.7,82        ,"1,171,325"
Charade,(1963),https://www.imdb.com/title/tt0056923/,7.9,83        ,"69,874"
Manchester by the Sea,(2016),https://www.imdb.com/title/tt4034228/,7.8,96        ,"251,199"
Midnight Cowboy,(1969),https://www.imdb.com/title/tt0064665/,7.8,79        ,"102,137"
Road to Perdition,(2002),https://www.imdb.com/title/tt0257044/,7.7,72        ,"249,095"
Apollo 13,(I) (1995),https://www.imdb.com/title/tt0112384/,7.6,77        ,"272,452"
Ghostbusters,(1984),https://www.imdb.com/title/tt0087332/,7.8,71        ,"358,752"
Hunt for the Wilderpeople,(2016),https://www.imdb.com/title/tt4698684/,7.9,81        ,"114,077"
A Beautiful Mind,(2001),https://www.imdb.com/title/tt0268978/,8.2,72        ,"858,664"
Catch Me If You Can,(2002),https://www.imdb.com/title/tt0264464/,8.1,75        ,"847,156"
Portrait of a Lady on Fire,(2019),https://www.imdb.com/title/tt8613070/,8.1,95        ,"68,278"
X-Men: Days of Future Past,(2014),https://www.imdb.com/title/tt1877832/,7.9,75        ,"665,526"
Once Upon a Time in America,(1984),https://www.imdb.com/title/tt0087843/,8.4,,"315,700"
The Florida Project,(2017),https://www.imdb.com/title/tt5649144/,7.6,92        ,"97,410"
God's Own Country,(2017),https://www.imdb.com/title/tt5635086/,7.7,85        ,"25,973"
The Secret in Their Eyes,(2009),https://www.imdb.com/title/tt1305806/,8.2,80        ,"195,555"
For a Few Dollars More,(1965),https://www.imdb.com/title/tt0059578/,8.2,74        ,"235,332"
Blue Velvet,(1986),https://www.imdb.com/title/tt0090756/,7.7,76        ,"183,356"
Creed,(II) (2015),https://www.imdb.com/title/tt3076658/,7.6,82        ,"250,101"
Die Hard,(1988),https://www.imdb.com/title/tt0095016/,8.2,72        ,"799,965"
Ex Machina,(2014),https://www.imdb.com/title/tt0470752/,7.7,78        ,"479,519"
"Lock, Stock and Two Smoking Barrels",(1998),https://www.imdb.com/title/tt0120735/,8.2,66        ,"540,760"
Nightcrawler,(2014),https://www.imdb.com/title/tt2872718/,7.9,76        ,"474,449"
The Terminator,(1984),https://www.imdb.com/title/tt0088247/,8.0,84        ,"804,136"
City of God,(2002),https://www.imdb.com/title/tt0317248/,8.6,79        ,"705,500"
Star Trek Into Darkness,(2013),https://www.imdb.com/title/tt1408101/,7.7,72        ,"465,134"
The Fifth Element,(1997),https://www.imdb.com/title/tt0119116/,7.7,,"437,729"
Her,(2013),https://www.imdb.com/title/tt1798709/,8.0,90        ,"548,410"
Kiki's Delivery Service,(1989),https://www.imdb.com/title/tt0097814/,7.8,83        ,"126,779"
The Body,(2012),https://www.imdb.com/title/tt1937149/,7.6,,"58,843"
Finding Neverland,(2004),https://www.imdb.com/title/tt0308644/,7.6,67        ,"199,706"
Nausicaä of the Valley of the Wind,(1984),https://www.imdb.com/title/tt0087544/,8.1,86        ,"153,429"
I Am Sam,(2001),https://www.imdb.com/title/tt0277027/,7.7,,"143,715"
Secrets & Lies,(1996),https://www.imdb.com/title/tt0117589/,8.0,91        ,"38,219"
Changeling,(2008),https://www.imdb.com/title/tt0824747/,7.7,63        ,"240,979"
The Iron Giant,(1999),https://www.imdb.com/title/tt0129167/,8.0,85        ,"173,834"
Network,(1976),https://www.imdb.com/title/tt0074958/,8.1,83        ,"146,388"
Harold and Maude,(1971),https://www.imdb.com/title/tt0067185/,7.9,62        ,"71,518"
The Killing Fields,(1984),https://www.imdb.com/title/tt0087553/,7.8,76        ,"52,080"
All About Eve,(1950),https://www.imdb.com/title/tt0042192/,8.2,98        ,"121,778"
On the Waterfront,(1954),https://www.imdb.com/title/tt0047296/,8.1,91        ,"143,597"
The Nightmare Before Christmas,(1993),https://www.imdb.com/title/tt0107688/,8.0,82        ,"302,300"
The Right Stuff,(1983),https://www.imdb.com/title/tt0086197/,7.8,91        ,"56,599"
Short Term 12,(2013),https://www.imdb.com/title/tt2370248/,8.0,82        ,"82,712"
Land of Mine,(2015),https://www.imdb.com/title/tt3841424/,7.8,75        ,"36,521"
La Vie En Rose,(2007),https://www.imdb.com/title/tt0450188/,7.6,66        ,"83,307"
Shoplifters,(2018),https://www.imdb.com/title/tt8075192/,7.9,93        ,"64,926"
Taare Zameen Par,(2007),https://www.imdb.com/title/tt0986264/,8.4,,"172,065"
Evil Dead II,(1987),https://www.imdb.com/title/tt0092991/,7.8,72        ,"149,463"
Sing Street,(2016),https://www.imdb.com/title/tt3544112/,7.9,79        ,"86,219"
M,(1931),https://www.imdb.com/title/tt0022100/,8.3,,"145,214"
The Maltese Falcon,(1941),https://www.imdb.com/title/tt0033870/,8.0,96        ,"149,982"
Drishyam,(2015),https://www.imdb.com/title/tt4430212/,8.2,,"72,323"
The Hustler,(1961),https://www.imdb.com/title/tt0054997/,8.0,90        ,"75,577"
Mother,(2009),https://www.imdb.com/title/tt1216496/,7.8,79        ,"54,437"
Hero,(2002),https://www.imdb.com/title/tt0299977/,7.9,85        ,"174,737"
Persona,(1966),https://www.imdb.com/title/tt0060827/,8.1,86        ,"105,252"
Beasts of No Nation,(2015),https://www.imdb.com/title/tt1365050/,7.7,79        ,"74,935"
Happiness,(1998),https://www.imdb.com/title/tt0147612/,7.7,81        ,"66,853"
Witness for the Prosecution,(1957),https://www.imdb.com/title/tt0051201/,8.4,,"110,673"
Baahubali: The Beginning,(2015),https://www.imdb.com/title/tt2631186/,8.0,,"104,056"
Nebraska,(2013),https://www.imdb.com/title/tt1821549/,7.7,87        ,"113,052"
The Great Beauty,(2013),https://www.imdb.com/title/tt2358891/,7.8,86        ,"82,047"
Days of Heaven,(1978),https://www.imdb.com/title/tt0077405/,7.8,93        ,"53,540"
Night of the Living Dead,(1968),https://www.imdb.com/title/tt0063350/,7.9,89        ,"117,591"
Dancer in the Dark,(2000),https://www.imdb.com/title/tt0168629/,8.0,61        ,"103,247"
Cinderella Man,(2005),https://www.imdb.com/title/tt0352248/,8.0,69        ,"177,475"
La Dolce Vita,(1960),https://www.imdb.com/title/tt0053779/,8.0,95        ,"67,402"
The Dirty Dozen,(1967),https://www.imdb.com/title/tt0061578/,7.7,73        ,"67,688"
Sabrina,(1954),https://www.imdb.com/title/tt0047437/,7.7,72        ,"60,040"
Nosferatu,(1922),https://www.imdb.com/title/tt0013442/,7.9,,"89,605"
Mommy,(I) (2014),https://www.imdb.com/title/tt3612616/,8.1,74        ,"51,615"
Time of the Gypsies,(1988),https://www.imdb.com/title/tt0097223/,8.2,,"27,539"
My Left Foot,(1989),https://www.imdb.com/title/tt0097937/,7.9,97        ,"68,984"
The Man from Nowhere,(2010),https://www.imdb.com/title/tt1527788/,7.8,,"63,746"
A Prophet,(2009),https://www.imdb.com/title/tt1235166/,7.9,90        ,"94,280"
The Longest Day,(1962),https://www.imdb.com/title/tt0056197/,7.8,75        ,"52,460"
October Sky,(1999),https://www.imdb.com/title/tt0132477/,7.8,71        ,"83,606"
Singin' in the Rain,(1952),https://www.imdb.com/title/tt0045152/,8.3,99        ,"221,547"
The Road Warrior,(1981),https://www.imdb.com/title/tt0082694/,7.6,77        ,"167,851"
Boyhood,(I) (2014),https://www.imdb.com/title/tt1065073/,7.9,100        ,"337,656"
Planet of the Apes,(1968),https://www.imdb.com/title/tt0063442/,8.0,79        ,"166,279"
My Neighbor Totoro,(1988),https://www.imdb.com/title/tt0096283/,8.2,86        ,"296,811"
Primal Fear,(1996),https://www.imdb.com/title/tt0117381/,7.7,,"192,194"
Cinema Paradiso,(1988),https://www.imdb.com/title/tt0095765/,8.5,80        ,"234,179"
Hara-Kiri,(1962),https://www.imdb.com/title/tt0056058/,8.6,85        ,"43,836"
Stalker,(1979),https://www.imdb.com/title/tt0079944/,8.2,,"119,066"
The Girl with the Dragon Tattoo,(2009),https://www.imdb.com/title/tt1132620/,7.8,76        ,"209,976"
The Butterfly Effect,(2004),https://www.imdb.com/title/tt0289879/,7.6,,"454,639"
Blow,(2001),https://www.imdb.com/title/tt0221027/,7.6,,"242,741"
Wreck-It Ralph,(2012),https://www.imdb.com/title/tt1772341/,7.7,72        ,"383,951"
"Crouching Tiger, Hidden Dragon",(2000),https://www.imdb.com/title/tt0190332/,7.8,94        ,"255,124"
The Lego Movie,(2014),https://www.imdb.com/title/tt1490017/,7.7,83        ,"326,043"
The Last Emperor,(1987),https://www.imdb.com/title/tt0093389/,7.7,76        ,"95,552"
Clerks,(1994),https://www.imdb.com/title/tt0109445/,7.7,70        ,"212,452"
50/50,(2011),https://www.imdb.com/title/tt1306980/,7.6,72        ,"316,982"
Paddington 2,(2017),https://www.imdb.com/title/tt4468740/,7.8,88        ,"63,091"
The Apartment,(1960),https://www.imdb.com/title/tt0053604/,8.3,94        ,"166,404"
Malcolm X,(1992),https://www.imdb.com/title/tt0104797/,7.7,73        ,"87,216"
Manhattan,(1979),https://www.imdb.com/title/tt0079522/,7.9,83        ,"132,433"
Brazil,(1985),https://www.imdb.com/title/tt0088846/,7.9,84        ,"188,923"
A Bronx Tale,(1993),https://www.imdb.com/title/tt0106489/,7.8,80        ,"129,629"
Eastern Promises,(2007),https://www.imdb.com/title/tt0765443/,7.6,82        ,"229,645"
The Skin I Live In,(2011),https://www.imdb.com/title/tt1189073/,7.6,70        ,"140,690"
7 Kogustaki Mucize,(2019),https://www.imdb.com/title/tt10431500/,8.2,,"37,121"
The Holy Mountain,(1973),https://www.imdb.com/title/tt0071615/,7.9,76        ,"37,970"
Close Encounters of the Third Kind,(1977),https://www.imdb.com/title/tt0075860/,7.6,90        ,"186,703"
Philadelphia,(1993),https://www.imdb.com/title/tt0107818/,7.7,66        ,"226,406"
The Blues Brothers,(1980),https://www.imdb.com/title/tt0080455/,7.9,,"184,948"
Dirty Harry,(1971),https://www.imdb.com/title/tt0066999/,7.7,90        ,"144,541"
Rebecca,(1940),https://www.imdb.com/title/tt0032976/,8.1,86        ,"125,403"
High Noon,(1952),https://www.imdb.com/title/tt0044706/,7.9,89        ,"98,089"
Naked,(1993),https://www.imdb.com/title/tt0107653/,7.8,84        ,"35,195"
Gandhi,(1982),https://www.imdb.com/title/tt0083987/,8.0,79        ,"218,998"
Funny Games,(1997),https://www.imdb.com/title/tt0119167/,7.6,69        ,"66,121"
Dog Day Afternoon,(1975),https://www.imdb.com/title/tt0072890/,8.0,86        ,"237,957"
The Elephant Man,(1980),https://www.imdb.com/title/tt0080678/,8.1,78        ,"222,565"
Die Hard with a Vengeance,(1995),https://www.imdb.com/title/tt0112864/,7.6,,"366,557"
Match Point,(2005),https://www.imdb.com/title/tt0416320/,7.6,72        ,"207,656"
Some Like It Hot,(1959),https://www.imdb.com/title/tt0053291/,8.2,98        ,"246,493"
Lord of War,(2005),https://www.imdb.com/title/tt0399295/,7.6,62        ,"296,017"
Walk the Line,(2005),https://www.imdb.com/title/tt0358273/,7.8,72        ,"236,141"
Doctor Zhivago,(1965),https://www.imdb.com/title/tt0059113/,8.0,69        ,"70,630"
The Jungle Book,(1967),https://www.imdb.com/title/tt0061852/,7.6,65        ,"167,942"
Roma,(2018),https://www.imdb.com/title/tt6155172/,7.7,96        ,"142,832"
Only the Brave,(2017),https://www.imdb.com/title/tt3829920/,7.6,72        ,"59,743"
The Birds,(1963),https://www.imdb.com/title/tt0056869/,7.7,90        ,"173,336"
Das Boot,(1981),https://www.imdb.com/title/tt0082096/,8.3,86        ,"234,214"
Do the Right Thing,(1989),https://www.imdb.com/title/tt0097216/,8.0,93        ,"91,315"
The Little Mermaid,(1989),https://www.imdb.com/title/tt0097757/,7.6,88        ,"240,119"
The Magnificent Seven,(1960),https://www.imdb.com/title/tt0054047/,7.7,74        ,"88,429"
Rushmore,(1998),https://www.imdb.com/title/tt0128445/,7.7,86        ,"171,361"
Gifted,(2017),https://www.imdb.com/title/tt4481414/,7.6,,"101,743"
3:10 to Yuma,(2007),https://www.imdb.com/title/tt0381849/,7.7,76        ,"291,552"
Lethal Weapon,(1987),https://www.imdb.com/title/tt0093409/,7.6,68        ,"238,839"
Cool Hand Luke,(1967),https://www.imdb.com/title/tt0061512/,8.1,92        ,"163,697"
Kung Fu Hustle,(2004),https://www.imdb.com/title/tt0373074/,7.7,78        ,"128,479"
Dawn of the Dead,(1978),https://www.imdb.com/title/tt0077402/,7.9,71        ,"112,258"
The Insider,(1999),https://www.imdb.com/title/tt0140352/,7.8,84        ,"161,189"
The Best Offer,(2013),https://www.imdb.com/title/tt1924396/,7.8,,"109,978"
A Streetcar Named Desire,(1951),https://www.imdb.com/title/tt0044081/,8.0,97        ,"100,039"
North by Northwest,(1959),https://www.imdb.com/title/tt0053125/,8.3,98        ,"302,145"
Dark City,(1998),https://www.imdb.com/title/tt0118929/,7.6,66        ,"189,106"
Butch Cassidy and the Sundance Kid,(1969),https://www.imdb.com/title/tt0064115/,8.0,66        ,"203,114"
Barry Lyndon,(1975),https://www.imdb.com/title/tt0072684/,8.1,89        ,"152,116"
Star Trek II: The Wrath of Khan,(1982),https://www.imdb.com/title/tt0084726/,7.7,67        ,"113,596"
This Is England,(2006),https://www.imdb.com/title/tt0480025/,7.7,86        ,"116,295"
When Harry Met Sally...,(1989),https://www.imdb.com/title/tt0098635/,7.6,76        ,"197,930"
The Tenant,(1976),https://www.imdb.com/title/tt0074811/,7.7,71        ,"40,455"
Seven Pounds,(2008),https://www.imdb.com/title/tt0814314/,7.6,,"288,648"
Tumbbad,(2018),https://www.imdb.com/title/tt8239946/,8.3,,"29,087"
The Quiet Man,(1952),https://www.imdb.com/title/tt0045061/,7.7,,"35,366"
The Remains of the Day,(1993),https://www.imdb.com/title/tt0107943/,7.8,86        ,"67,227"
Giant,(1956),https://www.imdb.com/title/tt0049261/,7.6,84        ,"34,519"
The Color Purple,(1985),https://www.imdb.com/title/tt0088939/,7.8,78        ,"79,269"
Lost Highway,(1997),https://www.imdb.com/title/tt0116922/,7.6,,"132,599"
Yip Man,(2008),https://www.imdb.com/title/tt1220719/,8.0,,"212,704"
Amour,(2012),https://www.imdb.com/title/tt1602620/,7.9,94        ,"94,030"
Spartacus,(1960),https://www.imdb.com/title/tt0054331/,7.9,87        ,"125,365"
Falling Down,(1993),https://www.imdb.com/title/tt0106856/,7.6,,"173,758"
Zombieland,(2009),https://www.imdb.com/title/tt1156398/,7.6,73        ,"523,812"
Empire of the Sun,(1987),https://www.imdb.com/title/tt0092965/,7.7,62        ,"117,015"
Solaris,(1972),https://www.imdb.com/title/tt0069293/,8.1,90        ,"82,213"
Lucky Number Slevin,(2006),https://www.imdb.com/title/tt0425210/,7.7,,"300,743"
The Fall,(2006),https://www.imdb.com/title/tt0460791/,7.9,64        ,"107,830"
"Blood In, Blood Out",(1993),https://www.imdb.com/title/tt0106469/,8.0,,"29,091"
Rio Bravo,(1959),https://www.imdb.com/title/tt0053221/,8.0,93        ,"56,882"
Castle in the Sky,(1986),https://www.imdb.com/title/tt0092067/,8.0,78        ,"152,097"
Sunset Blvd.,(1950),https://www.imdb.com/title/tt0043014/,8.4,,"203,937"
The Seventh Seal,(1957),https://www.imdb.com/title/tt0050976/,8.2,88        ,"167,557"
Toy Story 2,(1999),https://www.imdb.com/title/tt0120363/,7.9,88        ,"532,496"
Billy Elliot,(2000),https://www.imdb.com/title/tt0249462/,7.7,74        ,"127,734"
Ordinary People,(1980),https://www.imdb.com/title/tt0081283/,7.7,86        ,"47,674"
The Naked Gun: From the Files of Police Squad!,(1988),https://www.imdb.com/title/tt0095705/,7.6,76        ,"154,677"
The Vanishing,(1988),https://www.imdb.com/title/tt0096163/,7.7,,"34,359"
Lilya 4-Ever,(2002),https://www.imdb.com/title/tt0300140/,7.8,82        ,"43,038"
Sympathy for Mr. Vengeance,(2002),https://www.imdb.com/title/tt0310775/,7.6,,"63,471"
The Legend of 1900,(1998),https://www.imdb.com/title/tt0120731/,8.1,,"59,659"
Infernal Affairs,(2002),https://www.imdb.com/title/tt0338564/,8.0,75        ,"118,526"
Once,(I) (2007),https://www.imdb.com/title/tt0907657/,7.8,88        ,"111,355"
Akira,(1988),https://www.imdb.com/title/tt0094625/,8.0,,"167,092"
The Wrestler,(2008),https://www.imdb.com/title/tt1125849/,7.9,80        ,"291,052"
Awakenings,(1990),https://www.imdb.com/title/tt0099077/,7.8,74        ,"127,511"
Perfect Blue,(1997),https://www.imdb.com/title/tt0156887/,8.0,,"60,057"
Anatomy of a Murder,(1959),https://www.imdb.com/title/tt0052561/,8.0,95        ,"60,506"
Enemy at the Gates,(2001),https://www.imdb.com/title/tt0215750/,7.6,,"245,664"
JFK,(1991),https://www.imdb.com/title/tt0102138/,8.0,72        ,"143,552"
The Adventures of Robin Hood,(1938),https://www.imdb.com/title/tt0029843/,7.9,97        ,"47,518"
The Raid 2,(2014),https://www.imdb.com/title/tt2265171/,8.0,71        ,"115,172"
Glengarry Glen Ross,(1992),https://www.imdb.com/title/tt0104348/,7.7,82        ,"96,731"
Dial M for Murder,(1954),https://www.imdb.com/title/tt0046912/,8.2,75        ,"160,339"
The Man Who Shot Liberty Valance,(1962),https://www.imdb.com/title/tt0056217/,8.1,94        ,"69,575"
Fantastic Planet,(1973),https://www.imdb.com/title/tt0070544/,7.8,73        ,"26,109"
On Golden Pond,(1981),https://www.imdb.com/title/tt0082846/,7.6,68        ,"27,965"
Black Book,(2006),https://www.imdb.com/title/tt0389557/,7.7,71        ,"73,077"
Three Colors: Red,(1994),https://www.imdb.com/title/tt0111495/,8.1,100        ,"92,276"
The Wave,(2008),https://www.imdb.com/title/tt1063669/,7.6,,"103,729"
Pride,(I) (2014),https://www.imdb.com/title/tt3169706/,7.8,79        ,"52,517"
A Fistful of Dollars,(1964),https://www.imdb.com/title/tt0058461/,8.0,65        ,"200,166"
Y Tu Mamá También,(2001),https://www.imdb.com/title/tt0245574/,7.6,88        ,"116,755"
As Good as It Gets,(1997),https://www.imdb.com/title/tt0119822/,7.7,67        ,"278,142"
Moon,(2009),https://www.imdb.com/title/tt1182345/,7.9,67        ,"337,668"
District 9,(2009),https://www.imdb.com/title/tt1136608/,7.9,81        ,"641,865"
The Treasure of the Sierra Madre,(1948),https://www.imdb.com/title/tt0040897/,8.2,98        ,"115,441"
Who Framed Roger Rabbit,(1988),https://www.imdb.com/title/tt0096438/,7.7,83        ,"183,513"
21 Grams,(2003),https://www.imdb.com/title/tt0315733/,7.6,70        ,"225,962"
Badlands,(1973),https://www.imdb.com/title/tt0069762/,7.8,93        ,"66,951"
Ed Wood,(1994),https://www.imdb.com/title/tt0109707/,7.8,70        ,"165,982"
Fallen Angels,(1995),https://www.imdb.com/title/tt0112913/,7.7,71        ,"27,464"
Klaus,(2019),https://www.imdb.com/title/tt4729430/,8.2,65        ,"109,740"
The Name of the Rose,(1986),https://www.imdb.com/title/tt0091605/,7.7,,"102,903"
Flipped,(I) (2010),https://www.imdb.com/title/tt0817177/,7.7,,"82,245"
The Sting,(1973),https://www.imdb.com/title/tt0070735/,8.3,83        ,"243,739"
Kramer vs. Kramer,(1979),https://www.imdb.com/title/tt0079417/,7.8,77        ,"134,935"
Sling Blade,(1996),https://www.imdb.com/title/tt0117666/,8.0,84        ,"87,659"
Annie Hall,(1977),https://www.imdb.com/title/tt0075686/,8.0,92        ,"253,404"
Ran,(1985),https://www.imdb.com/title/tt0089881/,8.2,96        ,"114,258"
The Illusionist,(2006),https://www.imdb.com/title/tt0443543/,7.6,68        ,"356,556"
Notorious,(1946),https://www.imdb.com/title/tt0038787/,7.9,100        ,"93,030"
Wolf Children,(2012),https://www.imdb.com/title/tt2140203/,8.1,71        ,"39,542"
Adam's Apples,(2005),https://www.imdb.com/title/tt0418455/,7.8,,"46,285"
The Muppet Movie,(1979),https://www.imdb.com/title/tt0079588/,7.6,74        ,"33,176"
The Odd Couple,(1968),https://www.imdb.com/title/tt0063374/,7.7,86        ,"31,975"
Rififi,(1955),https://www.imdb.com/title/tt0048021/,8.1,97        ,"29,883"
Who's Afraid of Virginia Woolf?,(1966),https://www.imdb.com/title/tt0061184/,8.0,75        ,"69,576"
Hotel Rwanda,(2004),https://www.imdb.com/title/tt0395169/,8.1,79        ,"336,906"
Raatchasan,(2018),https://www.imdb.com/title/tt7060344/,8.5,,"26,848"
The Raid: Redemption,(2011),https://www.imdb.com/title/tt1899353/,7.6,73        ,"191,912"
Fried Green Tomatoes,(1991),https://www.imdb.com/title/tt0101921/,7.7,64        ,"67,594"
After Hours,(I) (1985),https://www.imdb.com/title/tt0088680/,7.7,90        ,"60,975"
PK,(2014),https://www.imdb.com/title/tt2338151/,8.1,,"165,053"
Cabaret,(1972),https://www.imdb.com/title/tt0068327/,7.8,80        ,"48,791"
Good Bye Lenin!,(2003),https://www.imdb.com/title/tt0301357/,7.7,68        ,"138,951"
Where Eagles Dare,(1968),https://www.imdb.com/title/tt0065207/,7.7,63        ,"52,383"
"Planes, Trains & Automobiles",(1987),https://www.imdb.com/title/tt0093748/,7.6,72        ,"125,916"
East of Eden,(1955),https://www.imdb.com/title/tt0048028/,7.9,72        ,"40,871"
The World's Fastest Indian,(2005),https://www.imdb.com/title/tt0412080/,7.8,68        ,"52,298"
The Lion in Winter,(1968),https://www.imdb.com/title/tt0063227/,7.9,,"29,263"
"Spring, Summer, Fall, Winter... and Spring",(2003),https://www.imdb.com/title/tt0374546/,8.0,85        ,"78,146"
The Chaser,(2008),https://www.imdb.com/title/tt1190539/,7.8,64        ,"59,413"
Open Your Eyes,(1997),https://www.imdb.com/title/tt0125659/,7.7,,"64,542"
Despicable Me,(2010),https://www.imdb.com/title/tt1323594/,7.6,72        ,"504,822"
The Boondock Saints,(1999),https://www.imdb.com/title/tt0144117/,7.8,,"228,438"
Goldfinger,(1964),https://www.imdb.com/title/tt0058150/,7.7,87        ,"175,619"
Glory,(1989),https://www.imdb.com/title/tt0097441/,7.8,78        ,"124,564"
Blood Simple,(1984),https://www.imdb.com/title/tt0086979/,7.6,83        ,"89,014"
I Saw the Devil,(2010),https://www.imdb.com/title/tt1588170/,7.8,67        ,"113,369"
Before Midnight,(2013),https://www.imdb.com/title/tt2209418/,7.9,94        ,"143,521"
Andhadhun,(2018),https://www.imdb.com/title/tt8108198/,8.2,,"74,267"
The Artist,(I) (2011),https://www.imdb.com/title/tt1655442/,7.9,89        ,"232,120"
8½,(1963),https://www.imdb.com/title/tt0056801/,8.0,91        ,"110,043"
All the President's Men,(1976),https://www.imdb.com/title/tt0074119/,7.9,84        ,"104,488"
The King of Comedy,(1982),https://www.imdb.com/title/tt0085794/,7.8,73        ,"91,223"
Dara of Jasenovac,(2020),https://www.imdb.com/title/tt10554232/,8.3,,"34,129"
Dawn of the Planet of the Apes,(2014),https://www.imdb.com/title/tt2103281/,7.6,79        ,"414,094"
The Conversation,(1974),https://www.imdb.com/title/tt0071360/,7.8,85        ,"100,352"
Enter the Dragon,(1973),https://www.imdb.com/title/tt0070034/,7.7,83        ,"97,671"
Leviathan,(2014),https://www.imdb.com/title/tt2802154/,7.6,92        ,"49,981"
Mysterious Skin,(2004),https://www.imdb.com/title/tt0370986/,7.6,73        ,"66,283"
Wild Strawberries,(1957),https://www.imdb.com/title/tt0050986/,8.2,88        ,"97,926"
Patton,(1970),https://www.imdb.com/title/tt0066206/,7.9,91        ,"94,308"
The Tale of The Princess Kaguya,(2013),https://www.imdb.com/title/tt2576852/,8.0,89        ,"39,823"
A Separation,(2011),https://www.imdb.com/title/tt1832382/,8.3,95        ,"223,135"
Serpico,(1973),https://www.imdb.com/title/tt0070666/,7.7,87        ,"111,351"
Hachi: A Dog's Tale,(2009),https://www.imdb.com/title/tt1028532/,8.1,,"257,075"
Mississippi Burning,(1988),https://www.imdb.com/title/tt0095647/,7.8,65        ,"89,513"
Me and Earl and the Dying Girl,(2015),https://www.imdb.com/title/tt2582496/,7.7,74        ,"124,487"
Dogville,(2003),https://www.imdb.com/title/tt0276919/,8.0,,"139,147"
The Outlaw Josey Wales,(1976),https://www.imdb.com/title/tt0075029/,7.8,69        ,"66,270"
In the Heat of the Night,(1967),https://www.imdb.com/title/tt0061811/,7.9,75        ,"68,590"
Escape from Alcatraz,(1979),https://www.imdb.com/title/tt0079116/,7.6,76        ,"123,241"
Au Revoir les Enfants,(1987),https://www.imdb.com/title/tt0092593/,8.0,88        ,"31,534"
Barton Fink,(1991),https://www.imdb.com/title/tt0101410/,7.7,69        ,"114,176"
Hannah and Her Sisters,(1986),https://www.imdb.com/title/tt0091167/,7.9,90        ,"67,799"
Gangs of Wasseypur,(2012),https://www.imdb.com/title/tt1954470/,8.2,89        ,"83,617"
Dead Man,(1995),https://www.imdb.com/title/tt0112817/,7.6,62        ,"91,218"
Watership Down,(1978),https://www.imdb.com/title/tt0078480/,7.6,64        ,"33,991"
Letters from Iwo Jima,(2006),https://www.imdb.com/title/tt0498380/,7.9,89        ,"154,860"
Run Lola Run,(1998),https://www.imdb.com/title/tt0130827/,7.6,77        ,"189,375"
Ikiru,(1952),https://www.imdb.com/title/tt0044741/,8.3,,"69,744"
Fanny and Alexander,(1982),https://www.imdb.com/title/tt0083922/,8.1,100        ,"58,221"
Searching,(III) (2018),https://www.imdb.com/title/tt7668870/,7.6,71        ,"143,469"
Fear and Loathing in Las Vegas,(1998),https://www.imdb.com/title/tt0120669/,7.6,,"261,687"
Halloween,(1978),https://www.imdb.com/title/tt0077651/,7.7,87        ,"235,065"
Man on Fire,(2004),https://www.imdb.com/title/tt0328107/,7.7,,"332,321"
"Paris, Texas",(1984),https://www.imdb.com/title/tt0087884/,8.1,78        ,"93,603"
Gravity,(2013),https://www.imdb.com/title/tt1454468/,7.7,96        ,"774,886"
Let the Right One In,(2008),https://www.imdb.com/title/tt1139797/,7.9,82        ,"206,705"
How to Train Your Dragon 2,(2014),https://www.imdb.com/title/tt1646971/,7.8,76        ,"308,467"
What Ever Happened to Baby Jane?,(1962),https://www.imdb.com/title/tt0056687/,8.1,75        ,"50,709"
The Wild Bunch,(1969),https://www.imdb.com/title/tt0065214/,7.9,97        ,"78,006"
The Celebration,(1998),https://www.imdb.com/title/tt0154420/,8.0,82        ,"79,298"
Fiddler on the Roof,(1971),https://www.imdb.com/title/tt0067093/,8.0,67        ,"39,918"
Miller's Crossing,(1990),https://www.imdb.com/title/tt0100150/,7.7,66        ,"126,871"
The Philadelphia Story,(1940),https://www.imdb.com/title/tt0032904/,7.9,96        ,"64,159"
Paper Moon,(1973),https://www.imdb.com/title/tt0070510/,8.1,77        ,"42,694"
Zulu,(1964),https://www.imdb.com/title/tt0058777/,7.7,77        ,"36,394"
The 400 Blows,(1959),https://www.imdb.com/title/tt0053198/,8.1,,"106,912"
The Kid,(1921),https://www.imdb.com/title/tt0012349/,8.3,,"115,209"
Pink,(III) (2016),https://www.imdb.com/title/tt5571734/,8.1,,"39,772"
The White Ribbon,(2009),https://www.imdb.com/title/tt1149362/,7.8,82        ,"69,317"
The Last King of Scotland,(2006),https://www.imdb.com/title/tt0455590/,7.7,74        ,"176,660"
The Searchers,(1956),https://www.imdb.com/title/tt0049730/,7.9,94        ,"81,191"
Metropolis,(1927),https://www.imdb.com/title/tt0017136/,8.3,98        ,"161,706"
Ghost in the Shell,(1995),https://www.imdb.com/title/tt0113568/,8.0,76        ,"130,936"
From Here to Eternity,(1953),https://www.imdb.com/title/tt0045793/,7.6,85        ,"43,793"
The Day of the Jackal,(1973),https://www.imdb.com/title/tt0069947/,7.8,80        ,"37,867"
Whisper of the Heart,(1995),https://www.imdb.com/title/tt0113824/,7.9,75        ,"53,382"
Rashomon,(1950),https://www.imdb.com/title/tt0042876/,8.2,98        ,"154,561"
Song of the Sea,(2014),https://www.imdb.com/title/tt1865505/,8.1,85        ,"52,797"
A Man Called Ove,(2015),https://www.imdb.com/title/tt4080728/,7.7,70        ,"48,404"
Strangers on a Train,(1951),https://www.imdb.com/title/tt0044079/,7.9,88        ,"124,198"
Shadow of a Doubt,(1943),https://www.imdb.com/title/tt0036342/,7.8,94        ,"60,233"
To Kill a Mockingbird,(1962),https://www.imdb.com/title/tt0056592/,8.2,88        ,"296,068"
Donnie Brasco,(1997),https://www.imdb.com/title/tt0119008/,7.7,76        ,"283,132"
Gran Torino,(2008),https://www.imdb.com/title/tt1205489/,8.1,72        ,"726,408"
Misery,(1990),https://www.imdb.com/title/tt0100157/,7.8,75        ,"186,959"
End of Watch,(2012),https://www.imdb.com/title/tt1855199/,7.6,68        ,"229,909"
Paths of Glory,(1957),https://www.imdb.com/title/tt0050825/,8.4,90        ,"180,642"
The Wind Rises,(2013),https://www.imdb.com/title/tt2013293/,7.8,83        ,"75,195"
Amores Perros,(2000),https://www.imdb.com/title/tt0245712/,8.1,83        ,"225,771"
Neon Genesis Evangelion: The End of Evangelion,(1997),https://www.imdb.com/title/tt0169858/,8.1,,"40,579"
Ninja Scroll,(1993),https://www.imdb.com/title/tt0107692/,7.9,,"34,872"
Dead Man's Shoes,(2004),https://www.imdb.com/title/tt0419677/,7.6,,"50,113"
Drishyam,(2013),https://www.imdb.com/title/tt3417422/,8.4,,"34,183"
The Diving Bell and the Butterfly,(2007),https://www.imdb.com/title/tt0401383/,8.0,92        ,"103,816"
Waking Life,(2001),https://www.imdb.com/title/tt0243017/,7.8,83        ,"61,106"
The Man from Earth,(2007),https://www.imdb.com/title/tt0756683/,7.9,,"175,611"
La Haine,(1995),https://www.imdb.com/title/tt0113247/,8.1,,"153,106"
Togo,(2019),https://www.imdb.com/title/tt5116302/,8.0,69        ,"39,545"
Adaptation.,(2002),https://www.imdb.com/title/tt0268126/,7.7,83        ,"180,095"
Battle Royale,(2000),https://www.imdb.com/title/tt0266308/,7.6,81        ,"170,271"
Double Indemnity,(1944),https://www.imdb.com/title/tt0036775/,8.3,95        ,"145,182"
A Little Princess,(1995),https://www.imdb.com/title/tt0113670/,7.7,83        ,"32,482"
The Bridges of Madison County,(1995),https://www.imdb.com/title/tt0112579/,7.6,69        ,"74,084"
Loving Vincent,(2017),https://www.imdb.com/title/tt3262342/,7.8,62        ,"51,721"
Ray,(I) (2004),https://www.imdb.com/title/tt0350258/,7.7,73        ,"139,550"
Porco Rosso,(1992),https://www.imdb.com/title/tt0104652/,7.7,83        ,"79,454"
Fantasia,(1940),https://www.imdb.com/title/tt0032455/,7.7,96        ,"89,441"
Touch of Evil,(1958),https://www.imdb.com/title/tt0052311/,8.0,99        ,"99,032"
A Silent Voice: The Movie,(2016),https://www.imdb.com/title/tt5323662/,8.1,78        ,"51,728"
The Fault in Our Stars,(2014),https://www.imdb.com/title/tt2582846/,7.7,69        ,"347,400"
Philomena,(2013),https://www.imdb.com/title/tt2431286/,7.6,77        ,"94,889"
The Fighter,(I) (2010),https://www.imdb.com/title/tt0964517/,7.8,79        ,"343,870"
The Best Years of Our Lives,(1946),https://www.imdb.com/title/tt0036868/,8.0,93        ,"57,816"
Children of Heaven,(1997),https://www.imdb.com/title/tt0118849/,8.3,77        ,"66,550"
The Sacrifice,(1986),https://www.imdb.com/title/tt0091670/,8.1,,"25,029"
Andrei Rublev,(1966),https://www.imdb.com/title/tt0060107/,8.1,,"47,941"
The Long Goodbye,(1973),https://www.imdb.com/title/tt0070334/,7.6,87        ,"26,737"
Detachment,(2011),https://www.imdb.com/title/tt1683526/,7.7,,"78,087"
Roman Holiday,(1953),https://www.imdb.com/title/tt0046250/,8.0,78        ,"128,477"
The French Connection,(1971),https://www.imdb.com/title/tt0067116/,7.7,94        ,"111,454"
"Synecdoche, New York",(2008),https://www.imdb.com/title/tt0383028/,7.6,67        ,"84,329"
All About My Mother,(1999),https://www.imdb.com/title/tt0185125/,7.8,87        ,"90,090"
Paprika,(2006),https://www.imdb.com/title/tt0851578/,7.7,81        ,"72,656"
Yojimbo,(1961),https://www.imdb.com/title/tt0055630/,8.2,,"112,781"
The Verdict,(1982),https://www.imdb.com/title/tt0084855/,7.7,77        ,"36,551"
The Secret World of Arrietty,(2010),https://www.imdb.com/title/tt1568921/,7.6,80        ,"82,458"
Stagecoach,(1939),https://www.imdb.com/title/tt0031971/,7.8,93        ,"44,314"
The Mirror,(1975),https://www.imdb.com/title/tt0072443/,8.1,80        ,"40,841"
Belle de Jour,(1967),https://www.imdb.com/title/tt0061395/,7.7,,"40,803"
Perfect Strangers,(2016),https://www.imdb.com/title/tt4901306/,7.8,,"58,269"
"South Park: Bigger, Longer & Uncut",(1999),https://www.imdb.com/title/tt0158983/,7.7,73        ,"193,026"
Captain Phillips,(2013),https://www.imdb.com/title/tt1535109/,7.8,82        ,"425,479"
Raging Bull,(1980),https://www.imdb.com/title/tt0081398/,8.2,89        ,"325,273"
The Great Escape,(1963),https://www.imdb.com/title/tt0057115/,8.2,86        ,"226,948"
It's a Wonderful Life,(1946),https://www.imdb.com/title/tt0038650/,8.6,89        ,"410,041"
Carlito's Way,(1993),https://www.imdb.com/title/tt0106519/,7.9,65        ,"202,967"
Withnail & I,(1987),https://www.imdb.com/title/tt0094336/,7.7,84        ,"40,802"
Talk to Her,(2002),https://www.imdb.com/title/tt0287467/,7.9,86        ,"105,381"
Freaks,(1932),https://www.imdb.com/title/tt0022913/,7.9,80        ,"42,475"
Il Postino,(1994),https://www.imdb.com/title/tt0110877/,7.7,81        ,"34,006"
Once Were Warriors,(1994),https://www.imdb.com/title/tt0110729/,7.9,77        ,"31,793"
Before Sunset,(2004),https://www.imdb.com/title/tt0381681/,8.1,90        ,"239,612"
Ponyo,(2008),https://www.imdb.com/title/tt0876563/,7.7,86        ,"127,560"
Kelly's Heroes,(1970),https://www.imdb.com/title/tt0065938/,7.6,,"45,672"
The Great Dictator,(1940),https://www.imdb.com/title/tt0032553/,8.4,,"205,433"
Breaking the Waves,(1996),https://www.imdb.com/title/tt0115751/,7.8,76        ,"62,969"
Cat on a Hot Tin Roof,(1958),https://www.imdb.com/title/tt0051459/,8.0,84        ,"45,675"
The Straight Story,(1999),https://www.imdb.com/title/tt0166896/,8.0,86        ,"82,928"
"I, Daniel Blake",(2016),https://www.imdb.com/title/tt5168192/,7.9,78        ,"54,758"
The Day the Earth Stood Still,(1951),https://www.imdb.com/title/tt0043456/,7.7,,"76,625"
Short Cuts,(1993),https://www.imdb.com/title/tt0108122/,7.7,79        ,"42,549"
Bicycle Thieves,(1948),https://www.imdb.com/title/tt0040522/,8.3,,"148,652"
Toy Story 3,(2010),https://www.imdb.com/title/tt0435761/,8.2,92        ,"764,810"
Beauty and the Beast,(1991),https://www.imdb.com/title/tt0101414/,8.0,95        ,"419,858"
Isle of Dogs,(2018),https://www.imdb.com/title/tt5104604/,7.9,82        ,"142,495"
This Is Spinal Tap,(1984),https://www.imdb.com/title/tt0088258/,7.9,92        ,"130,038"
When Marnie Was There,(2014),https://www.imdb.com/title/tt3398268/,7.7,72        ,"33,817"
The Grapes of Wrath,(1940),https://www.imdb.com/title/tt0032551/,8.0,96        ,"86,120"
3-Iron,(2004),https://www.imdb.com/title/tt0423866/,8.0,72        ,"51,266"
The Hidden Fortress,(1958),https://www.imdb.com/title/tt0051808/,8.1,,"35,400"
"Aguirre, the Wrath of God",(1972),https://www.imdb.com/title/tt0068182/,7.9,,"52,952"
Modern Times,(1936),https://www.imdb.com/title/tt0027977/,8.5,96        ,"220,861"
Three Colors: Blue,(1993),https://www.imdb.com/title/tt0108394/,7.9,85        ,"91,479"
Mary and Max,(2009),https://www.imdb.com/title/tt0978762/,8.1,,"166,032"
All That Jazz,(1979),https://www.imdb.com/title/tt0078754/,7.9,72        ,"28,555"
Hamlet,(1996),https://www.imdb.com/title/tt0116477/,7.7,,"36,187"
High and Low,(1963),https://www.imdb.com/title/tt0057565/,8.4,,"35,743"
The Manchurian Candidate,(1962),https://www.imdb.com/title/tt0056218/,7.9,94        ,"71,643"
A Christmas Story,(1983),https://www.imdb.com/title/tt0085334/,7.9,77        ,"133,507"
The Big Sleep,(1946),https://www.imdb.com/title/tt0038355/,7.9,,"79,324"
The Killing,(1956),https://www.imdb.com/title/tt0049406/,8.0,91        ,"82,563"
Harvey,(1950),https://www.imdb.com/title/tt0042546/,7.9,,"52,803"
Mr. Smith Goes to Washington,(1939),https://www.imdb.com/title/tt0031679/,8.1,73        ,"107,937"
Kagemusha,(1980),https://www.imdb.com/title/tt0080979/,8.0,84        ,"32,570"
The Secret of Kells,(2009),https://www.imdb.com/title/tt0485601/,7.6,81        ,"32,464"
Victoria,(II) (2015),https://www.imdb.com/title/tt4226388/,7.6,77        ,"53,797"
25th Hour,(2002),https://www.imdb.com/title/tt0307901/,7.6,68        ,"170,643"
Rope,(1948),https://www.imdb.com/title/tt0040746/,8.0,73        ,"131,261"
Breathless,(1960),https://www.imdb.com/title/tt0053472/,7.8,,"74,188"
Judgment at Nuremberg,(1961),https://www.imdb.com/title/tt0055031/,8.2,,"70,404"
Winter Sleep,(2014),https://www.imdb.com/title/tt2758880/,8.1,88        ,"47,461"
The Double Life of Véronique,(1991),https://www.imdb.com/title/tt0101765/,7.8,86        ,"43,225"
Kubo and the Two Strings,(2016),https://www.imdb.com/title/tt4302938/,7.8,84        ,"119,271"
The Night of the Hunter,(1955),https://www.imdb.com/title/tt0048424/,8.0,99        ,"82,757"
Guess Who's Coming to Dinner,(1967),https://www.imdb.com/title/tt0061735/,7.8,63        ,"40,271"
Fitzcarraldo,(1982),https://www.imdb.com/title/tt0083946/,8.1,,"32,022"
Wings of Desire,(1987),https://www.imdb.com/title/tt0093191/,8.0,79        ,"65,643"
Vampire Hunter D: Bloodlust,(2000),https://www.imdb.com/title/tt0216651/,7.7,62        ,"29,545"
Pink Floyd: The Wall,(1982),https://www.imdb.com/title/tt0084503/,8.1,,"76,646"
The African Queen,(1951),https://www.imdb.com/title/tt0043265/,7.7,91        ,"72,110"
It Happened One Night,(1934),https://www.imdb.com/title/tt0025316/,8.1,87        ,"95,152"
Frankenstein,(1931),https://www.imdb.com/title/tt0021884/,7.8,91        ,"65,927"
Gaslight,(1944),https://www.imdb.com/title/tt0036855/,7.8,,"25,074"
The Man Who Would Be King,(1975),https://www.imdb.com/title/tt0073341/,7.8,91        ,"45,478"
City Lights,(1931),https://www.imdb.com/title/tt0021749/,8.5,99        ,"169,850"
Tangerines,(2013),https://www.imdb.com/title/tt2991224/,8.2,73        ,"41,714"
The Killer,(1989),https://www.imdb.com/title/tt0097202/,7.8,82        ,"45,917"
The Triplets of Belleville,(2003),https://www.imdb.com/title/tt0286244/,7.8,91        ,"50,910"
Kahaani,(2012),https://www.imdb.com/title/tt1821480/,8.1,,"58,245"
Anand,(1971),https://www.imdb.com/title/tt0066763/,8.3,,"31,036"
La Grande Illusion,(1937),https://www.imdb.com/title/tt0028950/,8.1,,"34,138"
Haider,(2014),https://www.imdb.com/title/tt3390572/,8.1,,"50,774"
M.S. Dhoni: The Untold Story,(2016),https://www.imdb.com/title/tt4169250/,7.8,,"41,119"
The Virgin Spring,(1960),https://www.imdb.com/title/tt0053976/,8.1,,"27,007"
G.O.R.A.,(2004),https://www.imdb.com/title/tt0384116/,8.0,,"57,752"
Dil Chahta Hai,(2001),https://www.imdb.com/title/tt0292490/,8.1,,"67,279"
Munna Bhai M.B.B.S.,(2003),https://www.imdb.com/title/tt0374887/,8.1,,"74,601"
Elite Squad 2: The Enemy Within,(2010),https://www.imdb.com/title/tt1555149/,8.0,71        ,"79,714"
Udaan,(2010),https://www.imdb.com/title/tt1639426/,8.2,,"42,609"
Sholay,(1975),https://www.imdb.com/title/tt0073707/,8.2,,"51,691"
White Heat,(1949),https://www.imdb.com/title/tt0042041/,8.1,,"30,099"
Barfi!,(2012),https://www.imdb.com/title/tt2082197/,8.1,,"76,346"
Joyeux Noel,(2005),https://www.imdb.com/title/tt0424205/,7.7,70        ,"28,152"
Knockin' on Heaven's Door,(1997),https://www.imdb.com/title/tt0119472/,8.0,,"28,015"
Central Station,(1998),https://www.imdb.com/title/tt0140888/,8.0,80        ,"36,843"
Baby,(I) (2015),https://www.imdb.com/title/tt3848892/,8.0,,"53,140"
Special 26,(2013),https://www.imdb.com/title/tt2377938/,8.0,,"51,446"
The Shop Around the Corner,(1940),https://www.imdb.com/title/tt0033045/,8.1,96        ,"28,821"
Zelig,(1983),https://www.imdb.com/title/tt0086637/,7.7,,"40,202"
Sherlock Jr.,(1924),https://www.imdb.com/title/tt0015324/,8.2,,"42,985"
C.R.A.Z.Y.,(2005),https://www.imdb.com/title/tt0401085/,7.9,81        ,"31,590"
The Muppet Christmas Carol,(1992),https://www.imdb.com/title/tt0104940/,7.7,64        ,"50,615"
Jab We Met,(2007),https://www.imdb.com/title/tt1093370/,7.9,,"48,145"
Le Dîner de Cons,(1998),https://www.imdb.com/title/tt0119038/,7.7,73        ,"37,750"
Veer-Zaara,(2004),https://www.imdb.com/title/tt0420332/,7.8,67        ,"49,480"
Tae Guk Gi: The Brotherhood of War,(2004),https://www.imdb.com/title/tt0386064/,8.1,64        ,"38,009"
Andaz Apna Apna,(1994),https://www.imdb.com/title/tt0109117/,8.2,,"49,622"
The Edge of Heaven,(2007),https://www.imdb.com/title/tt0880502/,7.8,85        ,"30,978"
Raazi,(2018),https://www.imdb.com/title/tt7098658/,7.8,,"25,757"
The Rules of the Game,(1939),https://www.imdb.com/title/tt0031885/,8.0,,"26,983"
Udta Punjab,(2016),https://www.imdb.com/title/tt4434004/,7.8,,"27,434"
A Night at the Opera,(1935),https://www.imdb.com/title/tt0026778/,7.9,,"30,797"
A Wednesday,(2008),https://www.imdb.com/title/tt1280558/,8.1,,"74,270"
Chak De! India,(2007),https://www.imdb.com/title/tt0871510/,8.2,68        ,"74,736"
Vicky Donor,(2012),https://www.imdb.com/title/tt2317337/,7.8,,"39,983"
Paan Singh Tomar,(2012),https://www.imdb.com/title/tt1620933/,8.2,,"33,513"
English Vinglish,(2012),https://www.imdb.com/title/tt2181931/,7.8,,"33,906"
Kai Po Che,(2013),https://www.imdb.com/title/tt2213054/,7.7,,"33,033"
The Circus,(1928),https://www.imdb.com/title/tt0018773/,8.1,90        ,"30,675"
Airlift,(2016),https://www.imdb.com/title/tt4387040/,8.0,,"53,140"
Dev.D,(2009),https://www.imdb.com/title/tt1327035/,8.0,,"28,938"
OMG: Oh My God!,(2012),https://www.imdb.com/title/tt2283748/,8.1,,"52,252"
Lage Raho Munna Bhai,(2006),https://www.imdb.com/title/tt0456144/,8.1,,"43,458"
Vizontele,(2001),https://www.imdb.com/title/tt0270053/,8.0,,"34,004"
The Breath,(2009),https://www.imdb.com/title/tt1171701/,8.0,,"32,077"
Black,(2005),https://www.imdb.com/title/tt0375611/,8.2,,"33,539"
The Wages of Fear,(1953),https://www.imdb.com/title/tt0046268/,8.1,85        ,"55,358"
Vikram Vedha,(2017),https://www.imdb.com/title/tt6148156/,8.4,,"29,361"
Throne of Blood,(1957),https://www.imdb.com/title/tt0050613/,8.1,,"47,347"
Night on Earth,(1991),https://www.imdb.com/title/tt0102536/,7.8,68        ,"56,008"
The Broken Circle Breakdown,(2012),https://www.imdb.com/title/tt2024519/,7.7,70        ,"39,685"
To Have and Have Not,(1944),https://www.imdb.com/title/tt0037382/,7.8,90        ,"31,390"
Bajrangi Bhaijaan,(2015),https://www.imdb.com/title/tt3863552/,8.0,,"73,120"
The Thin Man,(1934),https://www.imdb.com/title/tt0025878/,8.0,86        ,"26,916"
The Lady Vanishes,(1938),https://www.imdb.com/title/tt0030341/,7.8,98        ,"48,085"
Loveless,(2017),https://www.imdb.com/title/tt6304162/,7.6,86        ,"30,241"
Laura,(1944),https://www.imdb.com/title/tt0037008/,8.0,,"43,143"
Joint Security Area,(2000),https://www.imdb.com/title/tt0260991/,7.8,,"27,041"
A Hard Day's Night,(1964),https://www.imdb.com/title/tt0058182/,7.6,96        ,"40,670"
Ayla: The Daughter of War,(2017),https://www.imdb.com/title/tt6316138/,8.4,,"34,959"
Swades,(2004),https://www.imdb.com/title/tt0367110/,8.2,,"83,669"
Kal Ho Naa Ho,(2003),https://www.imdb.com/title/tt0347304/,7.9,,"63,957"
Gully Boy,(2019),https://www.imdb.com/title/tt2395469/,8.0,65        ,"32,586"
Farewell My Concubine,(1993),https://www.imdb.com/title/tt0106332/,8.1,,"25,444"
Ace in the Hole,(1951),https://www.imdb.com/title/tt0043338/,8.1,72        ,"32,038"
The Passion of Joan of Arc,(1928),https://www.imdb.com/title/tt0019254/,8.1,,"48,616"
Crimes and Misdemeanors,(1989),https://www.imdb.com/title/tt0097123/,7.9,77        ,"55,158"
Head-On,(2004),https://www.imdb.com/title/tt0347048/,7.9,78        ,"51,691"
The Experiment,(2001),https://www.imdb.com/title/tt0250258/,7.7,,"91,231"
The Chorus,(2004),https://www.imdb.com/title/tt0372824/,7.9,,"57,972"
In a Lonely Place,(1950),https://www.imdb.com/title/tt0042593/,8.0,,"27,313"
Out of the Past,(1947),https://www.imdb.com/title/tt0039689/,8.0,,"33,270"
My Name Is Khan,(2010),https://www.imdb.com/title/tt1188996/,8.0,,"99,305"
Hera Pheri,(2000),https://www.imdb.com/title/tt0242519/,8.2,,"57,795"
Ivan's Childhood,(1962),https://www.imdb.com/title/tt0056111/,8.1,,"32,360"
Cries & Whispers,(1972),https://www.imdb.com/title/tt0069467/,8.1,,"30,709"
Cape Fear,(1962),https://www.imdb.com/title/tt0055824/,7.7,76        ,"26,691"
The Girl Who Leapt Through Time,(2006),https://www.imdb.com/title/tt0808506/,7.7,,"61,164"
His Girl Friday,(1940),https://www.imdb.com/title/tt0032599/,7.9,,"54,171"
The Invisible Man,(1933),https://www.imdb.com/title/tt0024184/,7.7,87        ,"31,131"
Only Yesterday,(1991),https://www.imdb.com/title/tt0102587/,7.6,90        ,"27,781"
Persepolis,(2007),https://www.imdb.com/title/tt0808417/,8.0,90        ,"89,391"
Bringing Up Baby,(1938),https://www.imdb.com/title/tt0029947/,7.8,91        ,"55,747"
Red River,(1948),https://www.imdb.com/title/tt0040724/,7.8,,"28,511"
The Discreet Charm of the Bourgeoisie,(1972),https://www.imdb.com/title/tt0068361/,7.9,93        ,"39,309"
Hard Boiled,(1992),https://www.imdb.com/title/tt0104684/,7.8,,"47,078"
Lifeboat,(1944),https://www.imdb.com/title/tt0037017/,7.6,78        ,"26,727"
Brief Encounter,(1945),https://www.imdb.com/title/tt0037558/,8.0,92        ,"36,219"
Nobody Knows,(2004),https://www.imdb.com/title/tt0408664/,8.1,88        ,"25,252"
To Be or Not to Be,(1942),https://www.imdb.com/title/tt0035446/,8.2,86        ,"30,891"
Darbareye Elly,(2009),https://www.imdb.com/title/tt1360860/,8.0,87        ,"46,829"
"Black Cat, White Cat",(1998),https://www.imdb.com/title/tt0118843/,8.1,73        ,"51,283"
The Innocents,(1961),https://www.imdb.com/title/tt0055018/,7.8,88        ,"27,359"
My Father and My Son,(2005),https://www.imdb.com/title/tt0476735/,8.3,,"80,120"
La Strada,(1954),https://www.imdb.com/title/tt0047528/,8.0,,"58,856"
The Taking of Pelham One Two Three,(1974),https://www.imdb.com/title/tt0072251/,7.7,68        ,"27,020"
Lagaan: Once Upon a Time in India,(2001),https://www.imdb.com/title/tt0169102/,8.1,84        ,"105,902"
The Gold Rush,(1925),https://www.imdb.com/title/tt0015864/,8.2,,"102,428"
Once Upon a Time in Anatolia,(2011),https://www.imdb.com/title/tt1827487/,7.9,82        ,"42,765"
The Lunchbox,(2013),https://www.imdb.com/title/tt2350496/,7.8,76        ,"51,158"
Lupin the 3rd: Castle of Cagliostro,(1979),https://www.imdb.com/title/tt0079833/,7.7,71        ,"27,532"
Mustang,(2015),https://www.imdb.com/title/tt3966404/,7.6,83        ,"36,299"
Key Largo,(1948),https://www.imdb.com/title/tt0040506/,7.8,,"37,272"
In America,(2002),https://www.imdb.com/title/tt0298845/,7.7,76        ,"40,570"
Sweet Smell of Success,(1957),https://www.imdb.com/title/tt0051036/,8.0,100        ,"28,599"
Batman: Mask of the Phantasm,(1993),https://www.imdb.com/title/tt0106364/,7.8,,"44,404"
Tokyo Godfathers,(2003),https://www.imdb.com/title/tt0388473/,7.8,73        ,"32,283"
K.G.F: Chapter 1,(2018),https://www.imdb.com/title/tt7838252/,8.2,,"38,267"
Sleuth,(1972),https://www.imdb.com/title/tt0069281/,8.0,,"45,058"
No Man's Land,(I) (2001),https://www.imdb.com/title/tt0283509/,7.9,84        ,"45,039"
Rockstar,(2011),https://www.imdb.com/title/tt1839596/,7.7,,"39,919"
A Very Long Engagement,(2004),https://www.imdb.com/title/tt0344510/,7.6,76        ,"71,221"
The Cabinet of Dr. Caligari,(1920),https://www.imdb.com/title/tt0010323/,8.1,,"58,096"
The Red Shoes,(1948),https://www.imdb.com/title/tt0040725/,8.1,,"31,430"
Frost/Nixon,(2008),https://www.imdb.com/title/tt0870111/,7.7,80        ,"103,910"
Down by Law,(1986),https://www.imdb.com/title/tt0090967/,7.8,75        ,"48,285"
Departures,(2008),https://www.imdb.com/title/tt1069238/,8.1,68        ,"49,022"
"4 Months, 3 Weeks and 2 Days",(2007),https://www.imdb.com/title/tt1032846/,7.9,97        ,"57,092"
Sunrise,(1927),https://www.imdb.com/title/tt0018455/,8.1,,"47,235"
Vivre Sa Vie,(1962),https://www.imdb.com/title/tt0056663/,8.0,,"28,592"
Duck You Sucker,(1971),https://www.imdb.com/title/tt0067140/,7.6,77        ,"30,515"
Underground,(1995),https://www.imdb.com/title/tt0114787/,8.1,,"55,619"
Peeping Tom,(1960),https://www.imdb.com/title/tt0054167/,7.7,,"31,820"
Amarcord,(1973),https://www.imdb.com/title/tt0071129/,7.9,,"40,345"
Fireworks,(1997),https://www.imdb.com/title/tt0119250/,7.8,,"28,093"
Fearless,(2006),https://www.imdb.com/title/tt0446059/,7.6,70        ,"73,168"
Jules and Jim,(1962),https://www.imdb.com/title/tt0055032/,7.8,97        ,"38,160"
Talvar,(2015),https://www.imdb.com/title/tt4934950/,8.2,,"31,523"
Badhaai Ho,(2018),https://www.imdb.com/title/tt7725596/,8.0,,"28,483"
Death Note,(2006),https://www.imdb.com/title/tt0758742/,7.7,,"28,834"
Repulsion,(1965),https://www.imdb.com/title/tt0059646/,7.7,91        ,"49,397"
Tokyo Story,(1953),https://www.imdb.com/title/tt0046438/,8.2,,"54,287"
The Motorcycle Diaries,(2004),https://www.imdb.com/title/tt0318462/,7.8,75        ,"97,341"
The Message,(1976),https://www.imdb.com/title/tt0074896/,8.2,,"44,287"
Raise the Red Lantern,(1991),https://www.imdb.com/title/tt0101640/,8.1,,"29,960"
The Purple Rose of Cairo,(1985),https://www.imdb.com/title/tt0089853/,7.7,75        ,"47,504"
Chhichhore,(2019),https://www.imdb.com/title/tt9052870/,8.2,,"35,021"
Interstate 60: Episodes of the Road,(2002),https://www.imdb.com/title/tt0165832/,7.7,,"30,242"
Baahubali 2: The Conclusion,(2017),https://www.imdb.com/title/tt4849438/,8.2,,"76,358"
After the Wedding,(2006),https://www.imdb.com/title/tt0457655/,7.7,78        ,"32,493"
Control,(2007),https://www.imdb.com/title/tt0421082/,7.7,78        ,"62,001"
The Bride of Frankenstein,(1935),https://www.imdb.com/title/tt0026138/,7.8,95        ,"43,897"
Evil,(2003),https://www.imdb.com/title/tt0338309/,7.8,61        ,"35,886"
Inherit the Wind,(1960),https://www.imdb.com/title/tt0053946/,8.1,75        ,"27,584"
L'Avventura,(1960),https://www.imdb.com/title/tt0053619/,7.9,,"26,953"
Confessions,(2010),https://www.imdb.com/title/tt1590089/,7.8,,"36,086"
Queen,(2013),https://www.imdb.com/title/tt3322420/,8.2,,"61,123"
Celda 211,(2009),https://www.imdb.com/title/tt1242422/,7.6,,"64,341"
Invasion of the Body Snatchers,(1956),https://www.imdb.com/title/tt0049366/,7.7,92        ,"45,325"
Three Colors: White,(1994),https://www.imdb.com/title/tt0111507/,7.6,88        ,"65,629"
Wait Until Dark,(1967),https://www.imdb.com/title/tt0062467/,7.8,81        ,"27,976"
Autumn Sonata,(1978),https://www.imdb.com/title/tt0077711/,8.2,,"28,060"
The General,(1926),https://www.imdb.com/title/tt0017925/,8.1,,"82,119"
Love and Death,(1975),https://www.imdb.com/title/tt0073312/,7.7,89        ,"36,419"
Nights of Cabiria,(1957),https://www.imdb.com/title/tt0050783/,8.1,,"43,428"
My Sassy Girl,(2001),https://www.imdb.com/title/tt0293715/,8.0,,"45,670"
The Lost Weekend,(1945),https://www.imdb.com/title/tt0037884/,7.9,,"33,894"
Scarface,(1932),https://www.imdb.com/title/tt0023427/,7.8,87        ,"25,609"
Shine,(1996),https://www.imdb.com/title/tt0117631/,7.7,87        ,"51,666"
Zindagi Na Milegi Dobara,(2011),https://www.imdb.com/title/tt1562872/,8.2,,"68,721"
All Quiet on the Western Front,(1930),https://www.imdb.com/title/tt0020629/,8.0,91        ,"57,675"
Bhaag Milkha Bhaag,(2013),https://www.imdb.com/title/tt2356180/,8.2,,"61,608"
The Magdalene Sisters,(2002),https://www.imdb.com/title/tt0318411/,7.7,83        ,"26,094"
Uri: The Surgical Strike,(2018),https://www.imdb.com/title/tt8291224/,8.2,,"44,148"
In a Better World,(2010),https://www.imdb.com/title/tt1340107/,7.6,65        ,"38,687"
Battleship Potemkin,(1925),https://www.imdb.com/title/tt0015648/,8.0,97        ,"53,676"
Elite Squad,(2007),https://www.imdb.com/title/tt0861739/,8.0,,"98,832"
The Little Prince,(2015),https://www.imdb.com/title/tt1754656/,7.7,70        ,"57,391"
Soorarai Pottru,(2020),https://www.imdb.com/title/tt10189514/,8.6,,"57,519"
The Station Agent,(2003),https://www.imdb.com/title/tt0340377/,7.6,81        ,"67,701"
Duck Soup,(1933),https://www.imdb.com/title/tt0023969/,7.8,93        ,"55,893"
Hiroshima Mon Amour,(1959),https://www.imdb.com/title/tt0052893/,7.9,,"28,880"
The Exterminating Angel,(1962),https://www.imdb.com/title/tt0056732/,8.1,,"30,098"
Sanjuro,(1962),https://www.imdb.com/title/tt0056443/,8.1,,"33,622"
The Sea Inside,(I) (2004),https://www.imdb.com/title/tt0369702/,8.0,74        ,"78,088"
The Battle of Algiers,(1966),https://www.imdb.com/title/tt0058946/,8.1,96        ,"53,933"
Arsenic and Old Lace,(1942),https://www.imdb.com/title/tt0036613/,8.0,,"65,587"
The Salesman,(2016),https://www.imdb.com/title/tt5186714/,7.8,85        ,"52,483"
The Return,(2003),https://www.imdb.com/title/tt0376968/,8.0,82        ,"42,975"
Nine Queens,(2000),https://www.imdb.com/title/tt0247586/,7.9,80        ,"50,157"
Miracle on 34th Street,(1947),https://www.imdb.com/title/tt0039628/,7.9,88        ,"41,869"
Dilwale Dulhania Le Jayenge,(1995),https://www.imdb.com/title/tt0112870/,8.1,,"64,033"
Cowboy Bebop: The Movie,(2001),https://www.imdb.com/title/tt0275277/,7.9,61        ,"43,377"
Le Samouraï,(1967),https://www.imdb.com/title/tt0062229/,8.1,,"46,192"
The Conformist,(1970),https://www.imdb.com/title/tt0065571/,8.0,100        ,"27,582"
Hedwig and the Angry Inch,(2001),https://www.imdb.com/title/tt0248845/,7.7,85        ,"32,157"
Eyes Without a Face,(1960),https://www.imdb.com/title/tt0053459/,7.7,90        ,"28,068"
The Past,(2013),https://www.imdb.com/title/tt2404461/,7.8,85        ,"45,374"
The Bandit,(1996),https://www.imdb.com/title/tt0116231/,8.2,,"64,985"
Stalag 17,(1953),https://www.imdb.com/title/tt0046359/,8.0,84        ,"51,339"
Kind Hearts and Coronets,(1949),https://www.imdb.com/title/tt0041546/,8.0,,"34,812"
Diabolique,(1955),https://www.imdb.com/title/tt0046911/,8.0,,"61,949"
The 39 Steps,(1935),https://www.imdb.com/title/tt0026029/,7.6,93        ,"52,591"
The Ladykillers,(1955),https://www.imdb.com/title/tt0048281/,7.7,91        ,"26,830"
Gilda,(1946),https://www.imdb.com/title/tt0038559/,7.7,,"28,316"
Rang De Basanti,(2006),https://www.imdb.com/title/tt0405508/,8.2,,"113,019"
